[{"model": "admin.logentry", "pk": 1, "fields": {"action_time": "2023-02-28T08:41:22.434Z", "user": 1, "content_type": 7, "object_id": "1", "object_repr": "Company object (1)", "action_flag": 1, "change_message": "[{\"added\": {}}]"}}, {"model": "admin.logentry", "pk": 2, "fields": {"action_time": "2023-02-28T09:18:54.313Z", "user": 1, "content_type": 8, "object_id": "23022801", "object_repr": "Invoice object (23022801)", "action_flag": 1, "change_message": "[{\"added\": {}}]"}}, {"model": "admin.logentry", "pk": 3, "fields": {"action_time": "2023-02-28T10:11:44.431Z", "user": 1, "content_type": 8, "object_id": "23022802", "object_repr": "Invoice object (23022802)", "action_flag": 1, "change_message": "[{\"added\": {}}]"}}, {"model": "admin.logentry", "pk": 4, "fields": {"action_time": "2023-02-28T10:14:04.423Z", "user": 1, "content_type": 8, "object_id": "23022803", "object_repr": "Invoice object (23022803)", "action_flag": 2, "change_message": "[{\"changed\": {\"fields\": [\"Company from\"]}}]"}}, {"model": "admin.logentry", "pk": 5, "fields": {"action_time": "2023-03-29T07:06:23.868Z", "user": 1, "content_type": 10, "object_id": "1", "object_repr": "68065b034f70563fdd69b00119444f708bf8f221", "action_flag": 1, "change_message": "[{\"added\": {}}]"}}, {"model": "admin.logentry", "pk": 6, "fields": {"action_time": "2023-03-29T07:06:47.133Z", "user": 1, "content_type": 10, "object_id": "1", "object_repr": "68065b034f70563fdd69b00119444f708bf8f221", "action_flag": 3, "change_message": ""}}, {"model": "admin.logentry", "pk": 7, "fields": {"action_time": "2023-03-29T07:10:01.999Z", "user": 1, "content_type": 14, "object_id": "1", "object_repr": "Blacklisted token for testuser", "action_flag": 3, "change_message": ""}}, {"model": "auth.permission", "pk": 1, "fields": {"name": "Can add log entry", "content_type": 1, "codename": "add_logentry"}}, {"model": "auth.permission", "pk": 2, "fields": {"name": "Can change log entry", "content_type": 1, "codename": "change_logentry"}}, {"model": "auth.permission", "pk": 3, "fields": {"name": "Can delete log entry", "content_type": 1, "codename": "delete_logentry"}}, {"model": "auth.permission", "pk": 4, "fields": {"name": "Can view log entry", "content_type": 1, "codename": "view_logentry"}}, {"model": "auth.permission", "pk": 5, "fields": {"name": "Can add permission", "content_type": 2, "codename": "add_permission"}}, {"model": "auth.permission", "pk": 6, "fields": {"name": "Can change permission", "content_type": 2, "codename": "change_permission"}}, {"model": "auth.permission", "pk": 7, "fields": {"name": "Can delete permission", "content_type": 2, "codename": "delete_permission"}}, {"model": "auth.permission", "pk": 8, "fields": {"name": "Can view permission", "content_type": 2, "codename": "view_permission"}}, {"model": "auth.permission", "pk": 9, "fields": {"name": "Can add group", "content_type": 3, "codename": "add_group"}}, {"model": "auth.permission", "pk": 10, "fields": {"name": "Can change group", "content_type": 3, "codename": "change_group"}}, {"model": "auth.permission", "pk": 11, "fields": {"name": "Can delete group", "content_type": 3, "codename": "delete_group"}}, {"model": "auth.permission", "pk": 12, "fields": {"name": "Can view group", "content_type": 3, "codename": "view_group"}}, {"model": "auth.permission", "pk": 13, "fields": {"name": "Can add user", "content_type": 4, "codename": "add_user"}}, {"model": "auth.permission", "pk": 14, "fields": {"name": "Can change user", "content_type": 4, "codename": "change_user"}}, {"model": "auth.permission", "pk": 15, "fields": {"name": "Can delete user", "content_type": 4, "codename": "delete_user"}}, {"model": "auth.permission", "pk": 16, "fields": {"name": "Can view user", "content_type": 4, "codename": "view_user"}}, {"model": "auth.permission", "pk": 17, "fields": {"name": "Can add content type", "content_type": 5, "codename": "add_contenttype"}}, {"model": "auth.permission", "pk": 18, "fields": {"name": "Can change content type", "content_type": 5, "codename": "change_contenttype"}}, {"model": "auth.permission", "pk": 19, "fields": {"name": "Can delete content type", "content_type": 5, "codename": "delete_contenttype"}}, {"model": "auth.permission", "pk": 20, "fields": {"name": "Can view content type", "content_type": 5, "codename": "view_contenttype"}}, {"model": "auth.permission", "pk": 21, "fields": {"name": "Can add session", "content_type": 6, "codename": "add_session"}}, {"model": "auth.permission", "pk": 22, "fields": {"name": "Can change session", "content_type": 6, "codename": "change_session"}}, {"model": "auth.permission", "pk": 23, "fields": {"name": "Can delete session", "content_type": 6, "codename": "delete_session"}}, {"model": "auth.permission", "pk": 24, "fields": {"name": "Can view session", "content_type": 6, "codename": "view_session"}}, {"model": "auth.permission", "pk": 25, "fields": {"name": "Can add company", "content_type": 7, "codename": "add_company"}}, {"model": "auth.permission", "pk": 26, "fields": {"name": "Can change company", "content_type": 7, "codename": "change_company"}}, {"model": "auth.permission", "pk": 27, "fields": {"name": "Can delete company", "content_type": 7, "codename": "delete_company"}}, {"model": "auth.permission", "pk": 28, "fields": {"name": "Can view company", "content_type": 7, "codename": "view_company"}}, {"model": "auth.permission", "pk": 29, "fields": {"name": "Can add invoice", "content_type": 8, "codename": "add_invoice"}}, {"model": "auth.permission", "pk": 30, "fields": {"name": "Can change invoice", "content_type": 8, "codename": "change_invoice"}}, {"model": "auth.permission", "pk": 31, "fields": {"name": "Can delete invoice", "content_type": 8, "codename": "delete_invoice"}}, {"model": "auth.permission", "pk": 32, "fields": {"name": "Can view invoice", "content_type": 8, "codename": "view_invoice"}}, {"model": "auth.permission", "pk": 33, "fields": {"name": "Can add Token", "content_type": 9, "codename": "add_token"}}, {"model": "auth.permission", "pk": 34, "fields": {"name": "Can change Token", "content_type": 9, "codename": "change_token"}}, {"model": "auth.permission", "pk": 35, "fields": {"name": "Can delete Token", "content_type": 9, "codename": "delete_token"}}, {"model": "auth.permission", "pk": 36, "fields": {"name": "Can view Token", "content_type": 9, "codename": "view_token"}}, {"model": "auth.permission", "pk": 37, "fields": {"name": "Can add token", "content_type": 10, "codename": "add_tokenproxy"}}, {"model": "auth.permission", "pk": 38, "fields": {"name": "Can change token", "content_type": 10, "codename": "change_tokenproxy"}}, {"model": "auth.permission", "pk": 39, "fields": {"name": "Can delete token", "content_type": 10, "codename": "delete_tokenproxy"}}, {"model": "auth.permission", "pk": 40, "fields": {"name": "Can view token", "content_type": 10, "codename": "view_tokenproxy"}}, {"model": "auth.permission", "pk": 41, "fields": {"name": "Can add items", "content_type": 11, "codename": "add_items"}}, {"model": "auth.permission", "pk": 42, "fields": {"name": "Can change items", "content_type": 11, "codename": "change_items"}}, {"model": "auth.permission", "pk": 43, "fields": {"name": "Can delete items", "content_type": 11, "codename": "delete_items"}}, {"model": "auth.permission", "pk": 44, "fields": {"name": "Can view items", "content_type": 11, "codename": "view_items"}}, {"model": "auth.permission", "pk": 45, "fields": {"name": "Can add invoice items", "content_type": 12, "codename": "add_invoiceitems"}}, {"model": "auth.permission", "pk": 46, "fields": {"name": "Can change invoice items", "content_type": 12, "codename": "change_invoiceitems"}}, {"model": "auth.permission", "pk": 47, "fields": {"name": "Can delete invoice items", "content_type": 12, "codename": "delete_invoiceitems"}}, {"model": "auth.permission", "pk": 48, "fields": {"name": "Can view invoice items", "content_type": 12, "codename": "view_invoiceitems"}}, {"model": "auth.permission", "pk": 49, "fields": {"name": "Can add expanse", "content_type": 13, "codename": "add_expanse"}}, {"model": "auth.permission", "pk": 50, "fields": {"name": "Can change expanse", "content_type": 13, "codename": "change_expanse"}}, {"model": "auth.permission", "pk": 51, "fields": {"name": "Can delete expanse", "content_type": 13, "codename": "delete_expanse"}}, {"model": "auth.permission", "pk": 52, "fields": {"name": "Can view expanse", "content_type": 13, "codename": "view_expanse"}}, {"model": "auth.permission", "pk": 53, "fields": {"name": "Can add blacklisted token", "content_type": 14, "codename": "add_blacklistedtoken"}}, {"model": "auth.permission", "pk": 54, "fields": {"name": "Can change blacklisted token", "content_type": 14, "codename": "change_blacklistedtoken"}}, {"model": "auth.permission", "pk": 55, "fields": {"name": "Can delete blacklisted token", "content_type": 14, "codename": "delete_blacklistedtoken"}}, {"model": "auth.permission", "pk": 56, "fields": {"name": "Can view blacklisted token", "content_type": 14, "codename": "view_blacklistedtoken"}}, {"model": "auth.permission", "pk": 57, "fields": {"name": "Can add outstanding token", "content_type": 15, "codename": "add_outstandingtoken"}}, {"model": "auth.permission", "pk": 58, "fields": {"name": "Can change outstanding token", "content_type": 15, "codename": "change_outstandingtoken"}}, {"model": "auth.permission", "pk": 59, "fields": {"name": "Can delete outstanding token", "content_type": 15, "codename": "delete_outstandingtoken"}}, {"model": "auth.permission", "pk": 60, "fields": {"name": "Can view outstanding token", "content_type": 15, "codename": "view_outstandingtoken"}}, {"model": "auth.permission", "pk": 61, "fields": {"name": "Can add item otherfield", "content_type": 16, "codename": "add_itemotherfield"}}, {"model": "auth.permission", "pk": 62, "fields": {"name": "Can change item otherfield", "content_type": 16, "codename": "change_itemotherfield"}}, {"model": "auth.permission", "pk": 63, "fields": {"name": "Can delete item otherfield", "content_type": 16, "codename": "delete_itemotherfield"}}, {"model": "auth.permission", "pk": 64, "fields": {"name": "Can view item otherfield", "content_type": 16, "codename": "view_itemotherfield"}}, {"model": "auth.permission", "pk": 65, "fields": {"name": "Can add inventory items", "content_type": 17, "codename": "add_inventoryitems"}}, {"model": "auth.permission", "pk": 66, "fields": {"name": "Can change inventory items", "content_type": 17, "codename": "change_inventoryitems"}}, {"model": "auth.permission", "pk": 67, "fields": {"name": "Can delete inventory items", "content_type": 17, "codename": "delete_inventoryitems"}}, {"model": "auth.permission", "pk": 68, "fields": {"name": "Can view inventory items", "content_type": 17, "codename": "view_inventoryitems"}}, {"model": "auth.permission", "pk": 69, "fields": {"name": "Can add proposal", "content_type": 18, "codename": "add_proposal"}}, {"model": "auth.permission", "pk": 70, "fields": {"name": "Can change proposal", "content_type": 18, "codename": "change_proposal"}}, {"model": "auth.permission", "pk": 71, "fields": {"name": "Can delete proposal", "content_type": 18, "codename": "delete_proposal"}}, {"model": "auth.permission", "pk": 72, "fields": {"name": "Can view proposal", "content_type": 18, "codename": "view_proposal"}}, {"model": "auth.user", "pk": 1, "fields": {"password": "pbkdf2_sha256$390000$l1mvtpaM1JY4zcBbxET9nm$rkgwawnIzH8VG3JEOMiVPyYl68E/O0+zGs+hv8phDNs=", "last_login": "2023-04-24T02:54:12.270Z", "is_superuser": true, "username": "lanet", "first_name": "lanet", "last_name": "team", "email": "lanet@gmail.com", "is_staff": true, "is_active": true, "date_joined": "2023-02-28T07:24:29.594Z", "groups": [], "user_permissions": []}}, {"model": "auth.user", "pk": 19, "fields": {"password": "pbkdf2_sha256$390000$tgOgQwQV02ddAfg20N3GyS$EZmNDxuelOu5P70boP6I0yD23rHIb1tGN0zBrHOL3uI=", "last_login": null, "is_superuser": false, "username": "lanet1", "first_name": "lanet1", "last_name": "team", "email": "lanet1@gmail.com", "is_staff": false, "is_active": true, "date_joined": "2023-04-20T05:20:16.428Z", "groups": [], "user_permissions": []}}, {"model": "auth.user", "pk": 20, "fields": {"password": "pbkdf2_sha256$390000$S8aos3ThTeRJClnwLwfxxb$QwyyBZarsM+q69wc2+aTSJXKy70tX3YJaKlZLM0T1ds=", "last_login": null, "is_superuser": false, "username": "kishan", "first_name": "kishan", "last_name": "desai", "email": "admin@gmail.com", "is_staff": false, "is_active": true, "date_joined": "2023-04-22T02:42:37.498Z", "groups": [], "user_permissions": []}}, {"model": "auth.user", "pk": 21, "fields": {"password": "pbkdf2_sha256$390000$8x4txEUZQJA0WRoboNSKWB$bxmunWarSpVb6hhiIERkB6ZxbndnQ0JP9iXPuol+pVA=", "last_login": null, "is_superuser": false, "username": "kishandesai", "first_name": "kishan", "last_name": "desai", "email": "kishan@gmail.com", "is_staff": false, "is_active": true, "date_joined": "2023-04-24T09:35:31.339Z", "groups": [], "user_permissions": []}}, {"model": "contenttypes.contenttype", "pk": 1, "fields": {"app_label": "admin", "model": "logentry"}}, {"model": "contenttypes.contenttype", "pk": 2, "fields": {"app_label": "auth", "model": "permission"}}, {"model": "contenttypes.contenttype", "pk": 3, "fields": {"app_label": "auth", "model": "group"}}, {"model": "contenttypes.contenttype", "pk": 4, "fields": {"app_label": "auth", "model": "user"}}, {"model": "contenttypes.contenttype", "pk": 5, "fields": {"app_label": "contenttypes", "model": "contenttype"}}, {"model": "contenttypes.contenttype", "pk": 6, "fields": {"app_label": "sessions", "model": "session"}}, {"model": "contenttypes.contenttype", "pk": 7, "fields": {"app_label": "home", "model": "company"}}, {"model": "contenttypes.contenttype", "pk": 8, "fields": {"app_label": "home", "model": "invoice"}}, {"model": "contenttypes.contenttype", "pk": 9, "fields": {"app_label": "authtoken", "model": "token"}}, {"model": "contenttypes.contenttype", "pk": 10, "fields": {"app_label": "authtoken", "model": "tokenproxy"}}, {"model": "contenttypes.contenttype", "pk": 11, "fields": {"app_label": "home", "model": "items"}}, {"model": "contenttypes.contenttype", "pk": 12, "fields": {"app_label": "home", "model": "invoiceitems"}}, {"model": "contenttypes.contenttype", "pk": 13, "fields": {"app_label": "home", "model": "expanse"}}, {"model": "contenttypes.contenttype", "pk": 14, "fields": {"app_label": "token_blacklist", "model": "blacklistedtoken"}}, {"model": "contenttypes.contenttype", "pk": 15, "fields": {"app_label": "token_blacklist", "model": "outstandingtoken"}}, {"model": "contenttypes.contenttype", "pk": 16, "fields": {"app_label": "home", "model": "itemotherfield"}}, {"model": "contenttypes.contenttype", "pk": 17, "fields": {"app_label": "home", "model": "inventoryitems"}}, {"model": "contenttypes.contenttype", "pk": 18, "fields": {"app_label": "marketplace", "model": "proposal"}}, {"model": "sessions.session", "pk": "8qz5yl5sptnek8da1lyi3f2x8aeubgi1", "fields": {"session_data": ".eJxVjLEOAiEQRP-F2pAFgoKlvd9AFnaRUwPJcVdd_He55AptpnjzZjYRcF1KWDvPYSJxFUqcflnE9OK6F_TE-mgytbrMU5S7Io-2y3sjft8O9--gYC9jfbEGfAavRiLaRBCV95QdRwZAGECBZuuszhqSSejP0bAxFI3LyYnPF-C0OBw:1pfH6d:Ghlf67tBqfG35aJLZ8ShoI2ZUgTZ6OFlcaetgJY_1f4", "expire_date": "2023-04-06T09:19:35.495Z"}}, {"model": "sessions.session", "pk": "ajey8fohclxemhfpa8smg0p711noz7ru", "fields": {"session_data": ".eJxVjLEOAiEQRP-F2pAFgoKlvd9AFnaRUwPJcVdd_He55AptpnjzZjYRcF1KWDvPYSJxFUqcflnE9OK6F_TE-mgytbrMU5S7Io-2y3sjft8O9--gYC9jfbEGfAavRiLaRBCV95QdRwZAGECBZuuszhqSSejP0bAxFI3LyYnPF-C0OBw:1pWvSp:CuSHSMI75Nl1FzJFzvtcmMesLUa3Zzh0fJZf7in1bNo", "expire_date": "2023-03-14T08:35:59.380Z"}}, {"model": "sessions.session", "pk": "f2iy52k2pltfezkvhw8119el2v0xv5vj", "fields": {"session_data": ".eJxVjLEOAiEQRP-F2pAFgoKlvd9AFnaRUwPJcVdd_He55AptpnjzZjYRcF1KWDvPYSJxFUqcflnE9OK6F_TE-mgytbrMU5S7Io-2y3sjft8O9--gYC9jfbEGfAavRiLaRBCV95QdRwZAGECBZuuszhqSSejP0bAxFI3LyYnPF-C0OBw:1pdOAp:3xoT02nAEUFgSaFJVE-XWpaYaba-7y7CuxQRSchvtyk", "expire_date": "2023-04-01T04:28:07.217Z"}}, {"model": "sessions.session", "pk": "knoshpjzuwpx173a2hm9r574oyqle6ff", "fields": {"session_data": ".eJxVjLEOAiEQRP-F2pAFgoKlvd9AFnaRUwPJcVdd_He55AptpnjzZjYRcF1KWDvPYSJxFUqcflnE9OK6F_TE-mgytbrMU5S7Io-2y3sjft8O9--gYC9jfbEGfAavRiLaRBCV95QdRwZAGECBZuuszhqSSejP0bAxFI3LyYnPF-C0OBw:1pjEBL:oFt9jK2tviTq44TMEe1mAy31oDAYwM8tnOI3msGVjMU", "expire_date": "2023-04-17T07:00:47.155Z"}}, {"model": "sessions.session", "pk": "mc4c9ca0w6xp8tubf7dbg1d3k3u6jld7", "fields": {"session_data": ".eJxVjEsOAiEQBe_C2hDk04JL956BdNMgowaSYWZlvLtOMgvdvqp6LxFxXWpcR57jxOIstDj8boTpkdsG-I7t1mXqbZknkpsidzrktXN-Xnb376DiqN_aY1IE1jrOASBAOBWfADWysd4QGEOFwhEtZA1E1qMhh-DYeaWggHh_AODwN7E:1pWv6f:euKfMPegl-IarKik2DCjJrBKj1B_jDI0aOr1lSPOWxs", "expire_date": "2023-03-14T08:13:05.675Z"}}, {"model": "sessions.session", "pk": "wqcnp95tto9m03uv2rzfdmq9vscbewzi", "fields": {"session_data": ".eJxVjLEOAiEQRP-F2pAFgoKlvd9AFnaRUwPJcVdd_He55AptpnjzZjYRcF1KWDvPYSJxFUqcflnE9OK6F_TE-mgytbrMU5S7Io-2y3sjft8O9--gYC9jfbEGfAavRiLaRBCV95QdRwZAGECBZuuszhqSSejP0bAxFI3LyYnPF-C0OBw:1pch5p:alq2R759F13vdkYFSChepXuuyvuQPtjrWpltPk7xO9A", "expire_date": "2023-03-30T06:28:05.625Z"}}, {"model": "sessions.session", "pk": "yolsmm6ewu5fl7it6huv93aaso7rkcbz", "fields": {"session_data": ".eJxVjLEOAiEQRP-F2pAFgoKlvd9AFnaRUwPJcVdd_He55AptpnjzZjYRcF1KWDvPYSJxFUqcflnE9OK6F_TE-mgytbrMU5S7Io-2y3sjft8O9--gYC9jfbEGfAavRiLaRBCV95QdRwZAGECBZuuszhqSSejP0bAxFI3LyYnPF-C0OBw:1pqmLE:btWASYO3eNt7AO_ds7owDRClKA0xXpCpdiNcZGPKyAY", "expire_date": "2023-05-08T02:54:12.276Z"}}, {"model": "token_blacklist.outstandingtoken", "pk": 144, "fields": {"user": null, "jti": "7d1cfd2033b64b5a93067aaf841e330a", "token": "eyJ0eXAiOiJKV1QiLCJhbGciOiJIUzI1NiJ9.eyJ0b2tlbl90eXBlIjoicmVmcmVzaCIsImV4cCI6MTY4Mjc2MDMzMCwiaWF0IjoxNjgxODk2MzMwLCJqdGkiOiI3ZDFjZmQyMDMzYjY0YjVhOTMwNjdhYWY4NDFlMzMwYSIsInVzZXJfaWQiOjF9.hUejZltMcYjPUfVlMh9b58dpEjshMX9XJ4oZPFWAk-w", "created_at": null, "expires_at": "2023-04-29T09:25:30Z"}}, {"model": "token_blacklist.outstandingtoken", "pk": 145, "fields": {"user": 19, "jti": "3dac0bab4a3f47a2ad1a3242548a8aa3", "token": "eyJ0eXAiOiJKV1QiLCJhbGciOiJIUzI1NiJ9.eyJ0b2tlbl90eXBlIjoicmVmcmVzaCIsImV4cCI6MTY4MjgzMjAyNiwiaWF0IjoxNjgxOTY4MDI2LCJqdGkiOiIzZGFjMGJhYjRhM2Y0N2EyYWQxYTMyNDI1NDhhOGFhMyIsInVzZXJfaWQiOjE5fQ.ENSpvi9Tnq9fgQ-suRZnGpwibXFMKYjCQ5zF9J6QyMY", "created_at": "2023-04-20T05:20:26.216Z", "expires_at": "2023-04-30T05:20:26Z"}}, {"model": "token_blacklist.outstandingtoken", "pk": 146, "fields": {"user": 19, "jti": "9c36251ab494478ca72491992229665a", "token": "eyJ0eXAiOiJKV1QiLCJhbGciOiJIUzI1NiJ9.eyJ0b2tlbl90eXBlIjoicmVmcmVzaCIsImV4cCI6MTY4MjgzMjk1OSwiaWF0IjoxNjgxOTY4OTU5LCJqdGkiOiI5YzM2MjUxYWI0OTQ0NzhjYTcyNDkxOTkyMjI5NjY1YSIsInVzZXJfaWQiOjE5fQ.VdaICAdl4as1OsgIr66lmjLAfFVb9_VN0sZey_Aa3JM", "created_at": "2023-04-20T05:35:59.964Z", "expires_at": "2023-04-30T05:35:59Z"}}, {"model": "token_blacklist.outstandingtoken", "pk": 147, "fields": {"user": 1, "jti": "a891654722df43619a64bed55d7398dc", "token": "eyJ0eXAiOiJKV1QiLCJhbGciOiJIUzI1NiJ9.eyJ0b2tlbl90eXBlIjoicmVmcmVzaCIsImV4cCI6MTY4MjgzMjk4OSwiaWF0IjoxNjgxOTY4OTg5LCJqdGkiOiJhODkxNjU0NzIyZGY0MzYxOWE2NGJlZDU1ZDczOThkYyIsInVzZXJfaWQiOjF9.ZWgggoZptyiWkQ7msCYPtMxBLZvwvyPshu584Pjmr9E", "created_at": "2023-04-20T05:36:29.025Z", "expires_at": "2023-04-30T05:36:29Z"}}, {"model": "token_blacklist.outstandingtoken", "pk": 148, "fields": {"user": 19, "jti": "8ce884e38dd9497ca31c7fc28fab9117", "token": "eyJ0eXAiOiJKV1QiLCJhbGciOiJIUzI1NiJ9.eyJ0b2tlbl90eXBlIjoicmVmcmVzaCIsImV4cCI6MTY4Mjg0MDYwMSwiaWF0IjoxNjgxOTc2NjAxLCJqdGkiOiI4Y2U4ODRlMzhkZDk0OTdjYTMxYzdmYzI4ZmFiOTExNyIsInVzZXJfaWQiOjE5fQ.zftRNuPAoHvOekUdojDEkHHzRQEOv99co_ZzJn1nCcE", "created_at": "2023-04-20T07:43:21.205Z", "expires_at": "2023-04-30T07:43:21Z"}}, {"model": "token_blacklist.outstandingtoken", "pk": 149, "fields": {"user": 1, "jti": "5b80f36fe57546d2b59191566616cb56", "token": "eyJ0eXAiOiJKV1QiLCJhbGciOiJIUzI1NiJ9.eyJ0b2tlbl90eXBlIjoicmVmcmVzaCIsImV4cCI6MTY4Mjg0MDYyNSwiaWF0IjoxNjgxOTc2NjI1LCJqdGkiOiI1YjgwZjM2ZmU1NzU0NmQyYjU5MTkxNTY2NjE2Y2I1NiIsInVzZXJfaWQiOjF9.jcxd17uQFE27tWmfuGxSWeE1i5F1-6NimKYF8YS88_M", "created_at": "2023-04-20T07:43:45.740Z", "expires_at": "2023-04-30T07:43:45Z"}}, {"model": "token_blacklist.outstandingtoken", "pk": 150, "fields": {"user": 19, "jti": "6c30752991f74df1a3a3d6aa48e5ec9a", "token": "eyJ0eXAiOiJKV1QiLCJhbGciOiJIUzI1NiJ9.eyJ0b2tlbl90eXBlIjoicmVmcmVzaCIsImV4cCI6MTY4Mjg0MDY0NSwiaWF0IjoxNjgxOTc2NjQ1LCJqdGkiOiI2YzMwNzUyOTkxZjc0ZGYxYTNhM2Q2YWE0OGU1ZWM5YSIsInVzZXJfaWQiOjE5fQ.okUTKZSdEBc56N_xkyYmzwlj-l9fsimpyu1OlFn7CfA", "created_at": "2023-04-20T07:44:05.354Z", "expires_at": "2023-04-30T07:44:05Z"}}, {"model": "token_blacklist.outstandingtoken", "pk": 151, "fields": {"user": 1, "jti": "1518392603774ba08c34d553f2675d06", "token": "eyJ0eXAiOiJKV1QiLCJhbGciOiJIUzI1NiJ9.eyJ0b2tlbl90eXBlIjoicmVmcmVzaCIsImV4cCI6MTY4Mjg0NjI5OSwiaWF0IjoxNjgxOTgyMjk5LCJqdGkiOiIxNTE4MzkyNjAzNzc0YmEwOGMzNGQ1NTNmMjY3NWQwNiIsInVzZXJfaWQiOjF9.rjUaxYvUSKXF1JQnDqJ84zSbWLUVs5HQuI4H4gG_uuM", "created_at": "2023-04-20T09:18:19.837Z", "expires_at": "2023-04-30T09:18:19Z"}}, {"model": "token_blacklist.outstandingtoken", "pk": 152, "fields": {"user": 19, "jti": "a0573d91a7154fc28d97a347152212e6", "token": "eyJ0eXAiOiJKV1QiLCJhbGciOiJIUzI1NiJ9.eyJ0b2tlbl90eXBlIjoicmVmcmVzaCIsImV4cCI6MTY4Mjg0NzE2MiwiaWF0IjoxNjgxOTgzMTYyLCJqdGkiOiJhMDU3M2Q5MWE3MTU0ZmMyOGQ5N2EzNDcxNTIyMTJlNiIsInVzZXJfaWQiOjE5fQ.f22fKIveLJsmlzxDQIenQQvFCVQEfe2Bjz4Se2b7EbY", "created_at": "2023-04-20T09:32:42.869Z", "expires_at": "2023-04-30T09:32:42Z"}}, {"model": "token_blacklist.outstandingtoken", "pk": 153, "fields": {"user": 1, "jti": "b494bdbbc0104dcc8c4bb92924d641ae", "token": "eyJ0eXAiOiJKV1QiLCJhbGciOiJIUzI1NiJ9.eyJ0b2tlbl90eXBlIjoicmVmcmVzaCIsImV4cCI6MTY4Mjg1OTAxMCwiaWF0IjoxNjgxOTk1MDEwLCJqdGkiOiJiNDk0YmRiYmMwMTA0ZGNjOGM0YmI5MjkyNGQ2NDFhZSIsInVzZXJfaWQiOjF9.dR-KMi4ECUU2DmFwN5pgW1i5N6f9nCm0espyIjLWTrg", "created_at": "2023-04-20T12:50:10.445Z", "expires_at": "2023-04-30T12:50:10Z"}}, {"model": "token_blacklist.outstandingtoken", "pk": 154, "fields": {"user": 1, "jti": "d2160e540eeb4166adcc22aa28c56dc2", "token": "eyJ0eXAiOiJKV1QiLCJhbGciOiJIUzI1NiJ9.eyJ0b2tlbl90eXBlIjoicmVmcmVzaCIsImV4cCI6MTY4MjkxNzI2NCwiaWF0IjoxNjgyMDUzMjY0LCJqdGkiOiJkMjE2MGU1NDBlZWI0MTY2YWRjYzIyYWEyOGM1NmRjMiIsInVzZXJfaWQiOjF9.MO62cjlcavPxGVARWuW4pKv3y7JyVol9OiT39Xmbkug", "created_at": "2023-04-21T05:01:04.413Z", "expires_at": "2023-05-01T05:01:04Z"}}, {"model": "token_blacklist.outstandingtoken", "pk": 155, "fields": {"user": 19, "jti": "5d2d12092b514345b3bb8f1311e2e08a", "token": "eyJ0eXAiOiJKV1QiLCJhbGciOiJIUzI1NiJ9.eyJ0b2tlbl90eXBlIjoicmVmcmVzaCIsImV4cCI6MTY4MjkxNzQ3NywiaWF0IjoxNjgyMDUzNDc3LCJqdGkiOiI1ZDJkMTIwOTJiNTE0MzQ1YjNiYjhmMTMxMWUyZTA4YSIsInVzZXJfaWQiOjE5fQ.NvEV_tvn5PBvxft0OJu9693ai_w1JP1iwfi_dLCGBEE", "created_at": "2023-04-21T05:04:37.310Z", "expires_at": "2023-05-01T05:04:37Z"}}, {"model": "token_blacklist.outstandingtoken", "pk": 156, "fields": {"user": 1, "jti": "9a987caa352648d59685905727024a2c", "token": "eyJ0eXAiOiJKV1QiLCJhbGciOiJIUzI1NiJ9.eyJ0b2tlbl90eXBlIjoicmVmcmVzaCIsImV4cCI6MTY4MjkyNDQ0MSwiaWF0IjoxNjgyMDYwNDQxLCJqdGkiOiI5YTk4N2NhYTM1MjY0OGQ1OTY4NTkwNTcyNzAyNGEyYyIsInVzZXJfaWQiOjF9.RFBKx1Tht95dn5YoQf54-O9emKyY5feChTys--_UClE", "created_at": "2023-04-21T07:00:41.061Z", "expires_at": "2023-05-01T07:00:41Z"}}, {"model": "token_blacklist.outstandingtoken", "pk": 157, "fields": {"user": 1, "jti": "dc85801d480044a793b2bd5ddb139b83", "token": "eyJ0eXAiOiJKV1QiLCJhbGciOiJIUzI1NiJ9.eyJ0b2tlbl90eXBlIjoicmVmcmVzaCIsImV4cCI6MTY4MjkzMzQ5NywiaWF0IjoxNjgyMDY5NDk3LCJqdGkiOiJkYzg1ODAxZDQ4MDA0NGE3OTNiMmJkNWRkYjEzOWI4MyIsInVzZXJfaWQiOjF9.HAKGKxcWGovmpWY6-1VwJBuZEMmBbxIMtt5ftxF0K4U", "created_at": "2023-04-21T09:31:37.066Z", "expires_at": "2023-05-01T09:31:37Z"}}, {"model": "token_blacklist.outstandingtoken", "pk": 158, "fields": {"user": 1, "jti": "1f6e1156c3574a9aa05b19dd742f8116", "token": "eyJ0eXAiOiJKV1QiLCJhbGciOiJIUzI1NiJ9.eyJ0b2tlbl90eXBlIjoicmVmcmVzaCIsImV4cCI6MTY4MjkzMzQ5NywiaWF0IjoxNjgyMDY5NDk3LCJqdGkiOiIxZjZlMTE1NmMzNTc0YTlhYTA1YjE5ZGQ3NDJmODExNiIsInVzZXJfaWQiOjF9.Ugh6uQ4CmxPOkux6MQ14-1Un0vzA8WIOPvfAToGHKug", "created_at": "2023-04-21T09:31:37.092Z", "expires_at": "2023-05-01T09:31:37Z"}}, {"model": "token_blacklist.outstandingtoken", "pk": 159, "fields": {"user": 1, "jti": "cafde64e95324a6292afba9d6a6fbda7", "token": "eyJ0eXAiOiJKV1QiLCJhbGciOiJIUzI1NiJ9.eyJ0b2tlbl90eXBlIjoicmVmcmVzaCIsImV4cCI6MTY4MjkzNDA4NSwiaWF0IjoxNjgyMDcwMDg1LCJqdGkiOiJjYWZkZTY0ZTk1MzI0YTYyOTJhZmJhOWQ2YTZmYmRhNyIsInVzZXJfaWQiOjF9.Tt5cSWAuqf-aiLYjeBFgHOnLx3TSPZZHj0w_LFZ3guU", "created_at": "2023-04-21T09:41:25.296Z", "expires_at": "2023-05-01T09:41:25Z"}}, {"model": "token_blacklist.outstandingtoken", "pk": 160, "fields": {"user": 1, "jti": "4560ad6c9b2449ffae75c39b258c8419", "token": "eyJ0eXAiOiJKV1QiLCJhbGciOiJIUzI1NiJ9.eyJ0b2tlbl90eXBlIjoicmVmcmVzaCIsImV4cCI6MTY4MjkzNDA4NSwiaWF0IjoxNjgyMDcwMDg1LCJqdGkiOiI0NTYwYWQ2YzliMjQ0OWZmYWU3NWMzOWIyNThjODQxOSIsInVzZXJfaWQiOjF9.IZER-An_ycv7QK2AA2a7MqxHigDuT0SOIN-_O97R2v4", "created_at": "2023-04-21T09:41:25.326Z", "expires_at": "2023-05-01T09:41:25Z"}}, {"model": "token_blacklist.outstandingtoken", "pk": 161, "fields": {"user": 20, "jti": "8981838054c046569069c35677324735", "token": "eyJ0eXAiOiJKV1QiLCJhbGciOiJIUzI1NiJ9.eyJ0b2tlbl90eXBlIjoicmVmcmVzaCIsImV4cCI6MTY4Mjk5NTM3MiwiaWF0IjoxNjgyMTMxMzcyLCJqdGkiOiI4OTgxODM4MDU0YzA0NjU2OTA2OWMzNTY3NzMyNDczNSIsInVzZXJfaWQiOjIwfQ.DG4bFjq7oDWo6OlymiraBRvHci6gscCOwKYwGGxLtXY", "created_at": "2023-04-22T02:42:52.108Z", "expires_at": "2023-05-02T02:42:52Z"}}, {"model": "token_blacklist.outstandingtoken", "pk": 162, "fields": {"user": 20, "jti": "da9310d537554580882695ea6dc3fd60", "token": "eyJ0eXAiOiJKV1QiLCJhbGciOiJIUzI1NiJ9.eyJ0b2tlbl90eXBlIjoicmVmcmVzaCIsImV4cCI6MTY4MzAwMzM5NCwiaWF0IjoxNjgyMTM5Mzk0LCJqdGkiOiJkYTkzMTBkNTM3NTU0NTgwODgyNjk1ZWE2ZGMzZmQ2MCIsInVzZXJfaWQiOjIwfQ.kvbC-NIX2OKias7QM_7aGI7VW1BmnFLcakRGjDgLk58", "created_at": "2023-04-22T04:56:34.642Z", "expires_at": "2023-05-02T04:56:34Z"}}, {"model": "token_blacklist.outstandingtoken", "pk": 163, "fields": {"user": 19, "jti": "19b8a22e3930472f8f3720e54cfff922", "token": "eyJ0eXAiOiJKV1QiLCJhbGciOiJIUzI1NiJ9.eyJ0b2tlbl90eXBlIjoicmVmcmVzaCIsImV4cCI6MTY4MzAwNTczMSwiaWF0IjoxNjgyMTQxNzMxLCJqdGkiOiIxOWI4YTIyZTM5MzA0NzJmOGYzNzIwZTU0Y2ZmZjkyMiIsInVzZXJfaWQiOjE5fQ.f8-22EYar-M-7hnk2uSvRXm_1M7_VBbUAq8Z5M4Wkyc", "created_at": "2023-04-22T05:35:31.301Z", "expires_at": "2023-05-02T05:35:31Z"}}, {"model": "token_blacklist.outstandingtoken", "pk": 164, "fields": {"user": 19, "jti": "f6a179aa8dfe40dc8ca6d18ee862af82", "token": "eyJ0eXAiOiJKV1QiLCJhbGciOiJIUzI1NiJ9.eyJ0b2tlbl90eXBlIjoicmVmcmVzaCIsImV4cCI6MTY4MzAxMjE1NiwiaWF0IjoxNjgyMTQ4MTU2LCJqdGkiOiJmNmExNzlhYThkZmU0MGRjOGNhNmQxOGVlODYyYWY4MiIsInVzZXJfaWQiOjE5fQ.4HI8lnjAZWa0n5AevSPBVwC0TOvhKU1gceVQVSSzkrI", "created_at": "2023-04-22T07:22:36.277Z", "expires_at": "2023-05-02T07:22:36Z"}}, {"model": "token_blacklist.outstandingtoken", "pk": 165, "fields": {"user": 1, "jti": "d6539705f4fd492487fe7b94fbdc7a85", "token": "eyJ0eXAiOiJKV1QiLCJhbGciOiJIUzI1NiJ9.eyJ0b2tlbl90eXBlIjoicmVmcmVzaCIsImV4cCI6MTY4MzAxMjI5NSwiaWF0IjoxNjgyMTQ4Mjk1LCJqdGkiOiJkNjUzOTcwNWY0ZmQ0OTI0ODdmZTdiOTRmYmRjN2E4NSIsInVzZXJfaWQiOjF9.zeMTfWFvowfn3N1_nIUw3bu2fBDfo4bwpU2p6ekEeuI", "created_at": "2023-04-22T07:24:55.109Z", "expires_at": "2023-05-02T07:24:55Z"}}, {"model": "token_blacklist.outstandingtoken", "pk": 166, "fields": {"user": 1, "jti": "7623394bc7254f26b08db47632f9e02d", "token": "eyJ0eXAiOiJKV1QiLCJhbGciOiJIUzI1NiJ9.eyJ0b2tlbl90eXBlIjoicmVmcmVzaCIsImV4cCI6MTY4MzE2ODkxNywiaWF0IjoxNjgyMzA0OTE3LCJqdGkiOiI3NjIzMzk0YmM3MjU0ZjI2YjA4ZGI0NzYzMmY5ZTAyZCIsInVzZXJfaWQiOjF9.3wd45dVlULiwyp4g3nuq1hxs9ufX7ALLgxUYIqcyyh4", "created_at": "2023-04-24T02:55:17.157Z", "expires_at": "2023-05-04T02:55:17Z"}}, {"model": "token_blacklist.outstandingtoken", "pk": 167, "fields": {"user": 1, "jti": "0ded1db239a64c8989d995a93d499661", "token": "eyJ0eXAiOiJKV1QiLCJhbGciOiJIUzI1NiJ9.eyJ0b2tlbl90eXBlIjoicmVmcmVzaCIsImV4cCI6MTY4MzE2OTk1NiwiaWF0IjoxNjgyMzA1OTU2LCJqdGkiOiIwZGVkMWRiMjM5YTY0Yzg5ODlkOTk1YTkzZDQ5OTY2MSIsInVzZXJfaWQiOjF9.O3c-r0xOHOCfOvoXFj804NajmwUEoncMVnRqDodknPo", "created_at": "2023-04-24T03:12:36.131Z", "expires_at": "2023-05-04T03:12:36Z"}}, {"model": "token_blacklist.outstandingtoken", "pk": 168, "fields": {"user": 19, "jti": "4012a3415e47406bbcf73301dc2400ac", "token": "eyJ0eXAiOiJKV1QiLCJhbGciOiJIUzI1NiJ9.eyJ0b2tlbl90eXBlIjoicmVmcmVzaCIsImV4cCI6MTY4MzE3MDI0OSwiaWF0IjoxNjgyMzA2MjQ5LCJqdGkiOiI0MDEyYTM0MTVlNDc0MDZiYmNmNzMzMDFkYzI0MDBhYyIsInVzZXJfaWQiOjE5fQ.plCeuHXdN4ztXRN1vuB1A3qtFzOgSzHSPKhwHHw3FG0", "created_at": "2023-04-24T03:17:29.715Z", "expires_at": "2023-05-04T03:17:29Z"}}, {"model": "token_blacklist.outstandingtoken", "pk": 169, "fields": {"user": 1, "jti": "59d0ceca6506454ab24dd0f8ea3a8acd", "token": "eyJ0eXAiOiJKV1QiLCJhbGciOiJIUzI1NiJ9.eyJ0b2tlbl90eXBlIjoicmVmcmVzaCIsImV4cCI6MTY4MzE5MjA4MiwiaWF0IjoxNjgyMzI4MDgyLCJqdGkiOiI1OWQwY2VjYTY1MDY0NTRhYjI0ZGQwZjhlYTNhOGFjZCIsInVzZXJfaWQiOjF9.yL5scxHZF1beOz5d9Xk0aVkbk1IjqJf14j29ZuUlqCM", "created_at": "2023-04-24T09:21:22.556Z", "expires_at": "2023-05-04T09:21:22Z"}}, {"model": "token_blacklist.outstandingtoken", "pk": 170, "fields": {"user": 21, "jti": "941217d50891493f9649cbfb93ff18ba", "token": "eyJ0eXAiOiJKV1QiLCJhbGciOiJIUzI1NiJ9.eyJ0b2tlbl90eXBlIjoicmVmcmVzaCIsImV4cCI6MTY4MzE5Mjk0MywiaWF0IjoxNjgyMzI4OTQzLCJqdGkiOiI5NDEyMTdkNTA4OTE0OTNmOTY0OWNiZmI5M2ZmMThiYSIsInVzZXJfaWQiOjIxfQ.d1M_4EJg5AkW5L3FRn3YWAJSnTq0rkrxgYjN1TCSCgw", "created_at": "2023-04-24T09:35:43.668Z", "expires_at": "2023-05-04T09:35:43Z"}}, {"model": "token_blacklist.outstandingtoken", "pk": 171, "fields": {"user": 1, "jti": "a1d3f7878758448193d39d2088026ae0", "token": "eyJ0eXAiOiJKV1QiLCJhbGciOiJIUzI1NiJ9.eyJ0b2tlbl90eXBlIjoicmVmcmVzaCIsImV4cCI6MTY4MzE5NjA1NywiaWF0IjoxNjgyMzMyMDU3LCJqdGkiOiJhMWQzZjc4Nzg3NTg0NDgxOTNkMzlkMjA4ODAyNmFlMCIsInVzZXJfaWQiOjF9.mU2KWs7IB65CaD9Gg4DEyMwEvVhfMb9fWShNFl_ZIsk", "created_at": "2023-04-24T10:27:37.542Z", "expires_at": "2023-05-04T10:27:37Z"}}, {"model": "token_blacklist.outstandingtoken", "pk": 172, "fields": {"user": 1, "jti": "e7297ab046ed4c0fbb41a0838a11abb8", "token": "eyJ0eXAiOiJKV1QiLCJhbGciOiJIUzI1NiJ9.eyJ0b2tlbl90eXBlIjoicmVmcmVzaCIsImV4cCI6MTY4MzE5NjA1NywiaWF0IjoxNjgyMzMyMDU3LCJqdGkiOiJlNzI5N2FiMDQ2ZWQ0YzBmYmI0MWEwODM4YTExYWJiOCIsInVzZXJfaWQiOjF9.B7Z0J5B6pqM_PDIG5Y9hC9agzs_SSdzuiVYF95sSneg", "created_at": "2023-04-24T10:27:37.548Z", "expires_at": "2023-05-04T10:27:37Z"}}, {"model": "token_blacklist.outstandingtoken", "pk": 173, "fields": {"user": 1, "jti": "f411eb6169d4457aaaa8a4c463be5137", "token": "eyJ0eXAiOiJKV1QiLCJhbGciOiJIUzI1NiJ9.eyJ0b2tlbl90eXBlIjoicmVmcmVzaCIsImV4cCI6MTY4MzIwMjU4OCwiaWF0IjoxNjgyMzM4NTg4LCJqdGkiOiJmNDExZWI2MTY5ZDQ0NTdhYWFhOGE0YzQ2M2JlNTEzNyIsInVzZXJfaWQiOjF9.CaQAZSbfgvfzj4cX6-X_mlu_XBaMi5s_qN3K5pYkt1U", "created_at": "2023-04-24T12:16:28.029Z", "expires_at": "2023-05-04T12:16:28Z"}}, {"model": "token_blacklist.outstandingtoken", "pk": 174, "fields": {"user": 19, "jti": "52a2356d095e4fcfa37b365f77543992", "token": "eyJ0eXAiOiJKV1QiLCJhbGciOiJIUzI1NiJ9.eyJ0b2tlbl90eXBlIjoicmVmcmVzaCIsImV4cCI6MTY4MzI3NDQ5OCwiaWF0IjoxNjgyNDEwNDk4LCJqdGkiOiI1MmEyMzU2ZDA5NWU0ZmNmYTM3YjM2NWY3NzU0Mzk5MiIsInVzZXJfaWQiOjE5fQ.5_WIcUB3imzICfpO4OJqHZcahUhLKq9ZgrV6hUWTVH0", "created_at": "2023-04-25T08:14:58.768Z", "expires_at": "2023-05-05T08:14:58Z"}}, {"model": "token_blacklist.outstandingtoken", "pk": 175, "fields": {"user": 1, "jti": "17c32a6c07184e66bc86392d1247707f", "token": "eyJ0eXAiOiJKV1QiLCJhbGciOiJIUzI1NiJ9.eyJ0b2tlbl90eXBlIjoicmVmcmVzaCIsImV4cCI6MTY4MzM0ODU4MiwiaWF0IjoxNjgyNDg0NTgyLCJqdGkiOiIxN2MzMmE2YzA3MTg0ZTY2YmM4NjM5MmQxMjQ3NzA3ZiIsInVzZXJfaWQiOjF9.LkkwcnvcdL_RqCLmj3eYxm0sOpZJ3Gla4t3ZVfAbQGg", "created_at": "2023-04-26T04:49:42.412Z", "expires_at": "2023-05-06T04:49:42Z"}}, {"model": "token_blacklist.outstandingtoken", "pk": 176, "fields": {"user": 1, "jti": "f4e1f84c3a474194901d9d842e917fe6", "token": "eyJ0eXAiOiJKV1QiLCJhbGciOiJIUzI1NiJ9.eyJ0b2tlbl90eXBlIjoicmVmcmVzaCIsImV4cCI6MTY4MzQ0NjM5MywiaWF0IjoxNjgyNTgyMzkzLCJqdGkiOiJmNGUxZjg0YzNhNDc0MTk0OTAxZDlkODQyZTkxN2ZlNiIsInVzZXJfaWQiOjF9.EZU6SJy8-MArKNRnFkAJ87cAtMZr4HdOHkTZC6VoQdk", "created_at": "2023-04-27T07:59:53.891Z", "expires_at": "2023-05-07T07:59:53Z"}}, {"model": "token_blacklist.outstandingtoken", "pk": 177, "fields": {"user": 1, "jti": "00b48e0aa96a415f8b64ed5b14f42df9", "token": "eyJ0eXAiOiJKV1QiLCJhbGciOiJIUzI1NiJ9.eyJ0b2tlbl90eXBlIjoicmVmcmVzaCIsImV4cCI6MTY4MzQ1MjIxNCwiaWF0IjoxNjgyNTg4MjE0LCJqdGkiOiIwMGI0OGUwYWE5NmE0MTVmOGI2NGVkNWIxNGY0MmRmOSIsInVzZXJfaWQiOjF9.k_5uooRyqNbZvD-F1XGtFe-1s9-X9bqtbFs9wsp5k_g", "created_at": "2023-04-27T09:36:54.550Z", "expires_at": "2023-05-07T09:36:54Z"}}, {"model": "token_blacklist.outstandingtoken", "pk": 178, "fields": {"user": 1, "jti": "ea0491beaf064ff0bea2e981316bcfb9", "token": "eyJ0eXAiOiJKV1QiLCJhbGciOiJIUzI1NiJ9.eyJ0b2tlbl90eXBlIjoicmVmcmVzaCIsImV4cCI6MTY4MzQ1NTk1NywiaWF0IjoxNjgyNTkxOTU3LCJqdGkiOiJlYTA0OTFiZWFmMDY0ZmYwYmVhMmU5ODEzMTZiY2ZiOSIsInVzZXJfaWQiOjF9.sEk3pZtbP-CHNEUkWd8GmtG8H7qS5QnlzxrVu1i9E7Q", "created_at": "2023-04-27T10:39:17.647Z", "expires_at": "2023-05-07T10:39:17Z"}}, {"model": "token_blacklist.outstandingtoken", "pk": 179, "fields": {"user": 19, "jti": "71a46c1f21334e02a933f05085cb8d4a", "token": "eyJ0eXAiOiJKV1QiLCJhbGciOiJIUzI1NiJ9.eyJ0b2tlbl90eXBlIjoicmVmcmVzaCIsImV4cCI6MTY4MzUzMDU5MywiaWF0IjoxNjgyNjY2NTkzLCJqdGkiOiI3MWE0NmMxZjIxMzM0ZTAyYTkzM2YwNTA4NWNiOGQ0YSIsInVzZXJfaWQiOjE5fQ.jkEj8_NhN3KEGaTYnLCYdHXqRsFYHANehAAYWXntmMo", "created_at": "2023-04-28T07:23:13.338Z", "expires_at": "2023-05-08T07:23:13Z"}}, {"model": "token_blacklist.outstandingtoken", "pk": 180, "fields": {"user": 1, "jti": "5dff997bdf1243539cf407e611af8cb5", "token": "eyJ0eXAiOiJKV1QiLCJhbGciOiJIUzI1NiJ9.eyJ0b2tlbl90eXBlIjoicmVmcmVzaCIsImV4cCI6MTY4MzUzMDg5NCwiaWF0IjoxNjgyNjY2ODk0LCJqdGkiOiI1ZGZmOTk3YmRmMTI0MzUzOWNmNDA3ZTYxMWFmOGNiNSIsInVzZXJfaWQiOjF9.u4FbHMgfhFsTzaAI-bG8hNHgBGuu8dP0dON4WyCrlw4", "created_at": "2023-04-28T07:28:14.787Z", "expires_at": "2023-05-08T07:28:14Z"}}, {"model": "token_blacklist.outstandingtoken", "pk": 181, "fields": {"user": 1, "jti": "596efa3fd3164979bbbfd2d9b89a8744", "token": "eyJ0eXAiOiJKV1QiLCJhbGciOiJIUzI1NiJ9.eyJ0b2tlbl90eXBlIjoicmVmcmVzaCIsImV4cCI6MTY4MzUzMDk3MiwiaWF0IjoxNjgyNjY2OTcyLCJqdGkiOiI1OTZlZmEzZmQzMTY0OTc5YmJiZmQyZDliODlhODc0NCIsInVzZXJfaWQiOjF9.Ura2R5fzOAGj64JWBLTa7sTfOIuu6gwY7vc1dnH5jSM", "created_at": "2023-04-28T07:29:32.614Z", "expires_at": "2023-05-08T07:29:32Z"}}, {"model": "token_blacklist.outstandingtoken", "pk": 182, "fields": {"user": 1, "jti": "b116c1c0119f4eb5aef952d2993dc65b", "token": "eyJ0eXAiOiJKV1QiLCJhbGciOiJIUzI1NiJ9.eyJ0b2tlbl90eXBlIjoicmVmcmVzaCIsImV4cCI6MTY4MzUzMTAyMywiaWF0IjoxNjgyNjY3MDIzLCJqdGkiOiJiMTE2YzFjMDExOWY0ZWI1YWVmOTUyZDI5OTNkYzY1YiIsInVzZXJfaWQiOjF9.LxxItoia0r7dNpwUTHEXFWQTPREfZYuWcTejCUodOyE", "created_at": "2023-04-28T07:30:23.093Z", "expires_at": "2023-05-08T07:30:23Z"}}, {"model": "token_blacklist.outstandingtoken", "pk": 183, "fields": {"user": 20, "jti": "259e0aaf0a694f698905f7397926cef0", "token": "eyJ0eXAiOiJKV1QiLCJhbGciOiJIUzI1NiJ9.eyJ0b2tlbl90eXBlIjoicmVmcmVzaCIsImV4cCI6MTY4MzUzMTA5MywiaWF0IjoxNjgyNjY3MDkzLCJqdGkiOiIyNTllMGFhZjBhNjk0ZjY5ODkwNWY3Mzk3OTI2Y2VmMCIsInVzZXJfaWQiOjIwfQ.to6TVwSEIhD8vUXiH9vi_7SkpVPmXYQfoDZPLY_A_bA", "created_at": "2023-04-28T07:31:33.302Z", "expires_at": "2023-05-08T07:31:33Z"}}, {"model": "token_blacklist.outstandingtoken", "pk": 184, "fields": {"user": 19, "jti": "362680fbdc29405da49a8e41e924a1ef", "token": "eyJ0eXAiOiJKV1QiLCJhbGciOiJIUzI1NiJ9.eyJ0b2tlbl90eXBlIjoicmVmcmVzaCIsImV4cCI6MTY4MzUzMTExOCwiaWF0IjoxNjgyNjY3MTE4LCJqdGkiOiIzNjI2ODBmYmRjMjk0MDVkYTQ5YThlNDFlOTI0YTFlZiIsInVzZXJfaWQiOjE5fQ.wi5ppASE0X8kcV_I61h-E568TrSRnB9qnu2jFFWddAg", "created_at": "2023-04-28T07:31:58.101Z", "expires_at": "2023-05-08T07:31:58Z"}}, {"model": "token_blacklist.outstandingtoken", "pk": 185, "fields": {"user": 1, "jti": "6c89936c81f74f5fb7017589e84e75cf", "token": "eyJ0eXAiOiJKV1QiLCJhbGciOiJIUzI1NiJ9.eyJ0b2tlbl90eXBlIjoicmVmcmVzaCIsImV4cCI6MTY4MzUzMzY3NCwiaWF0IjoxNjgyNjY5Njc0LCJqdGkiOiI2Yzg5OTM2YzgxZjc0ZjVmYjcwMTc1ODllODRlNzVjZiIsInVzZXJfaWQiOjF9.cr9I737uCGn06B_VdHJfOAjeMlxH3FS8SHFX0wOEXJU", "created_at": "2023-04-28T08:14:34.192Z", "expires_at": "2023-05-08T08:14:34Z"}}, {"model": "token_blacklist.outstandingtoken", "pk": 186, "fields": {"user": 1, "jti": "02e1ba850c124ccab9210d969fb22128", "token": "eyJ0eXAiOiJKV1QiLCJhbGciOiJIUzI1NiJ9.eyJ0b2tlbl90eXBlIjoicmVmcmVzaCIsImV4cCI6MTY4MzUzNDE1MCwiaWF0IjoxNjgyNjcwMTUwLCJqdGkiOiIwMmUxYmE4NTBjMTI0Y2NhYjkyMTBkOTY5ZmIyMjEyOCIsInVzZXJfaWQiOjF9.75VT_Zgd082okVENHVY81cfuGESyncektSnl47KJAb8", "created_at": "2023-04-28T08:22:30.550Z", "expires_at": "2023-05-08T08:22:30Z"}}, {"model": "token_blacklist.outstandingtoken", "pk": 187, "fields": {"user": 1, "jti": "c826a6e3aa5945dba6066bc94f5f658d", "token": "eyJ0eXAiOiJKV1QiLCJhbGciOiJIUzI1NiJ9.eyJ0b2tlbl90eXBlIjoicmVmcmVzaCIsImV4cCI6MTY4MzU0MDU3NiwiaWF0IjoxNjgyNjc2NTc2LCJqdGkiOiJjODI2YTZlM2FhNTk0NWRiYTYwNjZiYzk0ZjVmNjU4ZCIsInVzZXJfaWQiOjF9.C2OFDHpkVVVFMOeOGz4UszmhlL5Z8ZD0ppxUJuMJUAg", "created_at": "2023-04-28T10:09:36.236Z", "expires_at": "2023-05-08T10:09:36Z"}}, {"model": "token_blacklist.outstandingtoken", "pk": 188, "fields": {"user": 19, "jti": "dbed30830c234cddb5da42ccbb582bac", "token": "eyJ0eXAiOiJKV1QiLCJhbGciOiJIUzI1NiJ9.eyJ0b2tlbl90eXBlIjoicmVmcmVzaCIsImV4cCI6MTY4MzU0MDk5MiwiaWF0IjoxNjgyNjc2OTkyLCJqdGkiOiJkYmVkMzA4MzBjMjM0Y2RkYjVkYTQyY2NiYjU4MmJhYyIsInVzZXJfaWQiOjE5fQ.hKc8qr2vwvtxHscakjexbab4Cbrs10WfVYdk-va0lJw", "created_at": "2023-04-28T10:16:32.102Z", "expires_at": "2023-05-08T10:16:32Z"}}, {"model": "token_blacklist.outstandingtoken", "pk": 189, "fields": {"user": 19, "jti": "4ed1a0041a8140ad9f2a103bfb817b70", "token": "eyJ0eXAiOiJKV1QiLCJhbGciOiJIUzI1NiJ9.eyJ0b2tlbl90eXBlIjoicmVmcmVzaCIsImV4cCI6MTY4MzYwNjA5NCwiaWF0IjoxNjgyNzQyMDk0LCJqdGkiOiI0ZWQxYTAwNDFhODE0MGFkOWYyYTEwM2JmYjgxN2I3MCIsInVzZXJfaWQiOjE5fQ.7Hdm0Jx1uMX1QP3o5ue7KTLOn6a3EIBPnwGeHVJpPJs", "created_at": "2023-04-29T04:21:34.340Z", "expires_at": "2023-05-09T04:21:34Z"}}, {"model": "token_blacklist.outstandingtoken", "pk": 190, "fields": {"user": 1, "jti": "017927ae69aa466a8cca57ae3bbe5af1", "token": "eyJ0eXAiOiJKV1QiLCJhbGciOiJIUzI1NiJ9.eyJ0b2tlbl90eXBlIjoicmVmcmVzaCIsImV4cCI6MTY4MzYwNzA5MCwiaWF0IjoxNjgyNzQzMDkwLCJqdGkiOiIwMTc5MjdhZTY5YWE0NjZhOGNjYTU3YWUzYmJlNWFmMSIsInVzZXJfaWQiOjF9.3fAxKw_gOnWn6UhZrolS0vnt50huZ-mWpLK3DkqXx90", "created_at": "2023-04-29T04:38:10.746Z", "expires_at": "2023-05-09T04:38:10Z"}}, {"model": "token_blacklist.outstandingtoken", "pk": 191, "fields": {"user": 1, "jti": "1d44cc88f88843248cdb916df29ea5ff", "token": "eyJ0eXAiOiJKV1QiLCJhbGciOiJIUzI1NiJ9.eyJ0b2tlbl90eXBlIjoicmVmcmVzaCIsImV4cCI6MTY4MzYwNzExMiwiaWF0IjoxNjgyNzQzMTEyLCJqdGkiOiIxZDQ0Y2M4OGY4ODg0MzI0OGNkYjkxNmRmMjllYTVmZiIsInVzZXJfaWQiOjF9.V6UGAwZxNnv7YKRIqPqdtAC7XDN5Vd31WACSFhkcU1M", "created_at": "2023-04-29T04:38:32.686Z", "expires_at": "2023-05-09T04:38:32Z"}}, {"model": "token_blacklist.outstandingtoken", "pk": 192, "fields": {"user": 19, "jti": "da364a93c4f9421cbbb25c2a761389a4", "token": "eyJ0eXAiOiJKV1QiLCJhbGciOiJIUzI1NiJ9.eyJ0b2tlbl90eXBlIjoicmVmcmVzaCIsImV4cCI6MTY4MzYwNzcxNiwiaWF0IjoxNjgyNzQzNzE2LCJqdGkiOiJkYTM2NGE5M2M0Zjk0MjFjYmJiMjVjMmE3NjEzODlhNCIsInVzZXJfaWQiOjE5fQ.9U4q3aOl1LlzPjqqQZjMvV-uHG68Okuu_DuFiPbo9VY", "created_at": "2023-04-29T04:48:36.217Z", "expires_at": "2023-05-09T04:48:36Z"}}, {"model": "token_blacklist.blacklistedtoken", "pk": 52, "fields": {"token": 144, "blacklisted_at": "2023-04-20T05:17:47.575Z"}}, {"model": "token_blacklist.blacklistedtoken", "pk": 53, "fields": {"token": 145, "blacklisted_at": "2023-04-20T05:35:49.199Z"}}, {"model": "token_blacklist.blacklistedtoken", "pk": 54, "fields": {"token": 146, "blacklisted_at": "2023-04-20T05:36:23.205Z"}}, {"model": "token_blacklist.blacklistedtoken", "pk": 55, "fields": {"token": 147, "blacklisted_at": "2023-04-20T07:43:14.116Z"}}, {"model": "token_blacklist.blacklistedtoken", "pk": 56, "fields": {"token": 148, "blacklisted_at": "2023-04-20T07:43:38.815Z"}}, {"model": "token_blacklist.blacklistedtoken", "pk": 57, "fields": {"token": 149, "blacklisted_at": "2023-04-20T07:43:56.998Z"}}, {"model": "token_blacklist.blacklistedtoken", "pk": 58, "fields": {"token": 150, "blacklisted_at": "2023-04-20T09:18:13.782Z"}}, {"model": "token_blacklist.blacklistedtoken", "pk": 59, "fields": {"token": 151, "blacklisted_at": "2023-04-20T09:32:35.452Z"}}, {"model": "token_blacklist.blacklistedtoken", "pk": 60, "fields": {"token": 152, "blacklisted_at": "2023-04-20T12:49:58.706Z"}}, {"model": "token_blacklist.blacklistedtoken", "pk": 61, "fields": {"token": 154, "blacklisted_at": "2023-04-21T05:04:25.946Z"}}, {"model": "token_blacklist.blacklistedtoken", "pk": 62, "fields": {"token": 155, "blacklisted_at": "2023-04-22T02:42:04.438Z"}}, {"model": "token_blacklist.blacklistedtoken", "pk": 63, "fields": {"token": 161, "blacklisted_at": "2023-04-22T04:54:07.756Z"}}, {"model": "token_blacklist.blacklistedtoken", "pk": 64, "fields": {"token": 163, "blacklisted_at": "2023-04-22T07:22:20.571Z"}}, {"model": "token_blacklist.blacklistedtoken", "pk": 65, "fields": {"token": 162, "blacklisted_at": "2023-04-22T07:24:49.531Z"}}, {"model": "token_blacklist.blacklistedtoken", "pk": 66, "fields": {"token": 166, "blacklisted_at": "2023-04-24T03:12:18.171Z"}}, {"model": "token_blacklist.blacklistedtoken", "pk": 67, "fields": {"token": 167, "blacklisted_at": "2023-04-24T09:22:34.390Z"}}, {"model": "token_blacklist.blacklistedtoken", "pk": 68, "fields": {"token": 168, "blacklisted_at": "2023-04-24T09:22:47.327Z"}}, {"model": "token_blacklist.blacklistedtoken", "pk": 69, "fields": {"token": 170, "blacklisted_at": "2023-04-24T09:38:01.199Z"}}, {"model": "token_blacklist.blacklistedtoken", "pk": 70, "fields": {"token": 178, "blacklisted_at": "2023-04-28T07:23:04.787Z"}}, {"model": "token_blacklist.blacklistedtoken", "pk": 71, "fields": {"token": 179, "blacklisted_at": "2023-04-28T07:29:25.929Z"}}, {"model": "token_blacklist.blacklistedtoken", "pk": 72, "fields": {"token": 181, "blacklisted_at": "2023-04-28T07:30:15.670Z"}}, {"model": "token_blacklist.blacklistedtoken", "pk": 73, "fields": {"token": 182, "blacklisted_at": "2023-04-28T07:31:23.754Z"}}, {"model": "token_blacklist.blacklistedtoken", "pk": 74, "fields": {"token": 183, "blacklisted_at": "2023-04-28T07:31:40.787Z"}}, {"model": "token_blacklist.blacklistedtoken", "pk": 75, "fields": {"token": 184, "blacklisted_at": "2023-04-28T08:14:26.439Z"}}, {"model": "token_blacklist.blacklistedtoken", "pk": 76, "fields": {"token": 187, "blacklisted_at": "2023-04-28T10:16:24.681Z"}}, {"model": "token_blacklist.blacklistedtoken", "pk": 77, "fields": {"token": 188, "blacklisted_at": "2023-04-29T04:21:27.806Z"}}, {"model": "token_blacklist.blacklistedtoken", "pk": 78, "fields": {"token": 189, "blacklisted_at": "2023-04-29T04:37:04.613Z"}}, {"model": "token_blacklist.blacklistedtoken", "pk": 79, "fields": {"token": 186, "blacklisted_at": "2023-04-29T04:38:21.926Z"}}, {"model": "token_blacklist.blacklistedtoken", "pk": 80, "fields": {"token": 190, "blacklisted_at": "2023-04-29T04:48:26.718Z"}}, {"model": "home.company", "pk": 61, "fields": {"user": 19, "company_name": "lanet1test", "GST_number": "10AABCU9603R1Z2", "Phone_number": "+911234567890", "company_mail": "desaikishan02@gmail.com", "state": "Gujarat", "country": "India", "currency": "INR", "Company_address": "c 6\r\nrajannd", "created_on": "2023-04-22T07:23:11.160Z", "profile_image": "images/Screenshot_from_2023-03-25_09-50-23_FVlmq4I.png"}}, {"model": "home.company", "pk": 62, "fields": {"user": 19, "company_name": "lanet1test1", "GST_number": "18AABCU9603R1ZM", "Phone_number": "+911234567890", "company_mail": "desaikishan02@gmail.com", "state": "Gujarat", "country": "India", "currency": "INR", "Company_address": "c 6\r\nrajannd", "created_on": "2023-04-22T07:23:53.180Z", "profile_image": "images/Screenshot_from_2023-03-25_09-50-23_XuXffhb.png"}}, {"model": "home.company", "pk": 63, "fields": {"user": 1, "company_name": "lanettest", "GST_number": "27AADFD0003F1Z9", "Phone_number": "+911234567890", "company_mail": "sdfsdf@gmail.com", "state": "gujarat", "country": "India", "currency": "INR", "Company_address": "vr", "created_on": "2023-04-22T07:25:33.423Z", "profile_image": "images/Screenshot_from_2021-10-12_18-15-34_Adpqdxy.png"}}, {"model": "home.company", "pk": 65, "fields": {"user": 1, "company_name": "lanettest1", "GST_number": "07AABCU9603R1ZP", "Phone_number": "+911234567890", "company_mail": "sdfsdf@gmail.com", "state": "gujarat", "country": "India", "currency": "INR", "Company_address": "vr", "created_on": "2023-04-22T07:30:03.582Z", "profile_image": "images/Screenshot_from_2021-10-12_18-15-34_b7Frts5.png"}}, {"model": "home.company", "pk": 66, "fields": {"user": 21, "company_name": "kishantest", "GST_number": "02AABCU9603R1ZZ", "Phone_number": "+911234567890", "company_mail": "sdfsdf@gmail.com", "state": "gujarat", "country": "India", "currency": "INR", "Company_address": "vr", "created_on": "2023-04-24T09:36:36.843Z", "profile_image": "images/Screenshot_from_2021-10-12_18-15-34_Lycq9vZ.png"}}, {"model": "home.expanse", "pk": 29, "fields": {"ex_description": "rent", "amount": 500, "user": 19, "company": 62, "created_on": "2023-04-22T07:55:34.109Z"}}, {"model": "home.expanse", "pk": 30, "fields": {"ex_description": "rent", "amount": 5000, "user": 19, "company": 62, "created_on": "2023-04-22T07:55:42.604Z"}}, {"model": "home.expanse", "pk": 31, "fields": {"ex_description": "rent", "amount": 10000, "user": 19, "company": 61, "created_on": "2023-04-22T07:59:24.951Z"}}, {"model": "home.expanse", "pk": 32, "fields": {"ex_description": "tea", "amount": 1000, "user": 19, "company": 61, "created_on": "2023-04-22T07:59:32.603Z"}}, {"model": "home.expanse", "pk": 33, "fields": {"ex_description": "tea", "amount": 1000, "user": 19, "company": 61, "created_on": "2023-04-22T07:59:33.919Z"}}, {"model": "home.expanse", "pk": 34, "fields": {"ex_description": "tea", "amount": 1000, "user": 19, "company": 61, "created_on": "2023-04-22T07:59:34.842Z"}}, {"model": "home.expanse", "pk": 35, "fields": {"ex_description": "tea", "amount": 10, "user": 19, "company": 61, "created_on": "2023-04-22T07:59:51.091Z"}}, {"model": "home.expanse", "pk": 36, "fields": {"ex_description": "tea", "amount": 1000, "user": 1, "company": 65, "created_on": "2023-04-22T09:59:44.727Z"}}, {"model": "home.expanse", "pk": 37, "fields": {"ex_description": "rent", "amount": 10000, "user": 1, "company": 63, "created_on": "2023-04-22T09:59:46.516Z"}}, {"model": "home.expanse", "pk": 38, "fields": {"ex_description": "rent", "amount": 10000, "user": 1, "company": 65, "created_on": "2023-04-22T09:59:47.462Z"}}, {"model": "home.expanse", "pk": 39, "fields": {"ex_description": "tea", "amount": 523, "user": 1, "company": 63, "created_on": "2023-04-22T10:02:22.376Z"}}, {"model": "home.expanse", "pk": 40, "fields": {"ex_description": "a", "amount": 10, "user": 1, "company": 63, "created_on": "2023-04-28T05:03:14.297Z"}}, {"model": "home.expanse", "pk": 41, "fields": {"ex_description": "a", "amount": 10, "user": 1, "company": 63, "created_on": "2023-04-28T05:03:31.620Z"}}, {"model": "home.expanse", "pk": 42, "fields": {"ex_description": "tea", "amount": 1000, "user": 19, "company": 62, "created_on": "2023-04-28T10:46:16.803Z"}}, {"model": "home.invoice", "pk": 23042201, "fields": {"company_to": 62, "company_from": 61, "created_on": "2023-04-29T07:43:23.509Z", "payment_method": "cash", "customer_name": "", "Phone_number": "", "total": 5000, "coustomer_mail": ""}}, {"model": "home.invoice", "pk": 23042202, "fields": {"company_to": 62, "company_from": 61, "created_on": "2023-04-29T07:43:46.590Z", "payment_method": "cash", "customer_name": "", "Phone_number": "", "total": 10000, "coustomer_mail": ""}}, {"model": "home.invoice", "pk": 23042203, "fields": {"company_to": 62, "company_from": 63, "created_on": "2023-04-23T07:44:03.760Z", "payment_method": "cash", "customer_name": "", "Phone_number": "", "total": 15000, "coustomer_mail": ""}}, {"model": "home.invoice", "pk": 23042204, "fields": {"company_to": 62, "company_from": 61, "created_on": "2023-04-23T07:44:28.641Z", "payment_method": "cash", "customer_name": "", "Phone_number": "", "total": 7500, "coustomer_mail": ""}}, {"model": "home.invoice", "pk": 23042205, "fields": {"company_to": 62, "company_from": 61, "created_on": "2023-04-24T07:44:41.336Z", "payment_method": "cash", "customer_name": "", "Phone_number": "", "total": 15000, "coustomer_mail": ""}}, {"model": "home.invoice", "pk": 23042206, "fields": {"company_to": 62, "company_from": 61, "created_on": "2023-04-24T07:44:52.243Z", "payment_method": "cash", "customer_name": "", "Phone_number": "", "total": 22500, "coustomer_mail": ""}}, {"model": "home.invoice", "pk": 23042207, "fields": {"company_to": 62, "company_from": 65, "created_on": "2023-04-25T07:51:49.033Z", "payment_method": "cash", "customer_name": "", "Phone_number": "", "total": 10000, "coustomer_mail": ""}}, {"model": "home.invoice", "pk": 23042208, "fields": {"company_to": 62, "company_from": null, "created_on": "2023-04-25T07:52:24.807Z", "payment_method": "cash", "customer_name": "Kishan Desai", "Phone_number": "+911234567890", "total": 15000, "coustomer_mail": "desaikishan02@gmail.com"}}, {"model": "home.invoice", "pk": 23042209, "fields": {"company_to": 62, "company_from": null, "created_on": "2023-04-26T07:52:43.439Z", "payment_method": "cash", "customer_name": "Kishan Desai", "Phone_number": "+911234567890", "total": 10000, "coustomer_mail": "desaikishan02@gmail.com"}}, {"model": "home.invoice", "pk": 23042210, "fields": {"company_to": 62, "company_from": null, "created_on": "2023-04-26T07:52:58.597Z", "payment_method": "cash", "customer_name": "Kishan Desai", "Phone_number": "+911234567890", "total": 5000, "coustomer_mail": "desaikishan02@gmail.com"}}, {"model": "home.invoice", "pk": 23042211, "fields": {"company_to": 62, "company_from": null, "created_on": "2023-04-27T07:53:12.284Z", "payment_method": "cash", "customer_name": "Kishan Desai", "Phone_number": "+911234567890", "total": 22500, "coustomer_mail": "desaikishan02@gmail.com"}}, {"model": "home.invoice", "pk": 23042212, "fields": {"company_to": 62, "company_from": null, "created_on": "2023-04-27T07:53:29.423Z", "payment_method": "cash", "customer_name": "Kishan Desai", "Phone_number": "+911234567890", "total": 15000, "coustomer_mail": "desaikishan02@gmail.com"}}, {"model": "home.invoice", "pk": 23042213, "fields": {"company_to": 62, "company_from": 61, "created_on": "2023-04-28T07:53:42.166Z", "payment_method": "cash", "customer_name": "", "Phone_number": "", "total": 22500, "coustomer_mail": ""}}, {"model": "home.invoice", "pk": 23042214, "fields": {"company_to": 62, "company_from": null, "created_on": "2023-04-27T07:53:57.461Z", "payment_method": "cash", "customer_name": "Kishan Desai", "Phone_number": "+911234567890", "total": 30000, "coustomer_mail": "desaikishan02@gmail.com"}}, {"model": "home.invoice", "pk": 23042215, "fields": {"company_to": 62, "company_from": null, "created_on": "2023-04-26T07:54:16.957Z", "payment_method": "cash", "customer_name": "Kishan Desai", "Phone_number": "+911234567890", "total": 20000, "coustomer_mail": "desaikishan02@gmail.com"}}, {"model": "home.invoice", "pk": 23042216, "fields": {"company_to": 62, "company_from": null, "created_on": "2023-04-28T07:54:36.004Z", "payment_method": "cash", "customer_name": "Kishan Desai", "Phone_number": "+911234567890", "total": 10000, "coustomer_mail": "desaikishan02@gmail.com"}}, {"model": "home.invoice", "pk": 23042217, "fields": {"company_to": 61, "company_from": 65, "created_on": "2023-04-28T08:00:15.789Z", "payment_method": "cash", "customer_name": "", "Phone_number": "", "total": 15000, "coustomer_mail": ""}}, {"model": "home.invoice", "pk": 23042218, "fields": {"company_to": 61, "company_from": 65, "created_on": "2023-04-28T08:00:51.969Z", "payment_method": "cash", "customer_name": "", "Phone_number": "", "total": 10000, "coustomer_mail": ""}}, {"model": "home.invoice", "pk": 23042219, "fields": {"company_to": 61, "company_from": 65, "created_on": "2023-04-28T08:01:07.646Z", "payment_method": "cash", "customer_name": "", "Phone_number": "", "total": 7500, "coustomer_mail": ""}}, {"model": "home.invoice", "pk": 23042220, "fields": {"company_to": 61, "company_from": 65, "created_on": "2023-04-29T08:01:23.140Z", "payment_method": "cash", "customer_name": "", "Phone_number": "", "total": 21000, "coustomer_mail": ""}}, {"model": "home.invoice", "pk": 23042221, "fields": {"company_to": 61, "company_from": 65, "created_on": "2023-04-29T08:01:43.672Z", "payment_method": "cash", "customer_name": "", "Phone_number": "", "total": 27000, "coustomer_mail": ""}}, {"model": "home.invoice", "pk": 23042222, "fields": {"company_to": 61, "company_from": 63, "created_on": "2023-04-23T08:02:06.107Z", "payment_method": "cash", "customer_name": "", "Phone_number": "", "total": 15000, "coustomer_mail": ""}}, {"model": "home.invoice", "pk": 23042223, "fields": {"company_to": 61, "company_from": 63, "created_on": "2023-04-23T08:02:19.413Z", "payment_method": "cash", "customer_name": "", "Phone_number": "", "total": 22500, "coustomer_mail": ""}}, {"model": "home.invoice", "pk": 23042224, "fields": {"company_to": 61, "company_from": 63, "created_on": "2023-04-24T08:02:43.543Z", "payment_method": "cash", "customer_name": "", "Phone_number": "", "total": 30000, "coustomer_mail": ""}}, {"model": "home.invoice", "pk": 23042225, "fields": {"company_to": 61, "company_from": 63, "created_on": "2023-04-24T08:02:56.858Z", "payment_method": "cash", "customer_name": "", "Phone_number": "", "total": 15000, "coustomer_mail": ""}}, {"model": "home.invoice", "pk": 23042226, "fields": {"company_to": 61, "company_from": 63, "created_on": "2023-04-24T08:03:09.212Z", "payment_method": "cash", "customer_name": "", "Phone_number": "", "total": 5000, "coustomer_mail": ""}}, {"model": "home.invoice", "pk": 23042227, "fields": {"company_to": 61, "company_from": 63, "created_on": "2023-04-27T08:03:24.778Z", "payment_method": "cash", "customer_name": "", "Phone_number": "", "total": 24000, "coustomer_mail": ""}}, {"model": "home.invoice", "pk": 23042228, "fields": {"company_to": 61, "company_from": 62, "created_on": "2023-04-25T08:04:04.014Z", "payment_method": "cash", "customer_name": "", "Phone_number": "", "total": 5000, "coustomer_mail": ""}}, {"model": "home.invoice", "pk": 23042229, "fields": {"company_to": 61, "company_from": 62, "created_on": "2023-04-25T08:04:21.330Z", "payment_method": "cash", "customer_name": "", "Phone_number": "", "total": 30000, "coustomer_mail": ""}}, {"model": "home.invoice", "pk": 23042230, "fields": {"company_to": 61, "company_from": 62, "created_on": "2023-04-26T08:04:48.242Z", "payment_method": "cash", "customer_name": "", "Phone_number": "", "total": 20000, "coustomer_mail": ""}}, {"model": "home.invoice", "pk": 23042231, "fields": {"company_to": 61, "company_from": 62, "created_on": "2023-04-26T08:05:00.710Z", "payment_method": "cash", "customer_name": "", "Phone_number": "", "total": 15000, "coustomer_mail": ""}}, {"model": "home.invoice", "pk": 23042232, "fields": {"company_to": 61, "company_from": 62, "created_on": "2023-04-26T08:05:19.110Z", "payment_method": "cash", "customer_name": "", "Phone_number": "", "total": 25000, "coustomer_mail": ""}}, {"model": "home.invoice", "pk": 23042233, "fields": {"company_to": 61, "company_from": null, "created_on": "2023-04-27T08:05:35.782Z", "payment_method": "online", "customer_name": "Kishan Desai", "Phone_number": "+911234567890", "total": 3000, "coustomer_mail": "desaikishan02@gmail.com"}}, {"model": "home.invoice", "pk": 23042234, "fields": {"company_to": 61, "company_from": null, "created_on": "2023-04-27T08:05:51.249Z", "payment_method": "cash", "customer_name": "Kishan Desai", "Phone_number": "+911234567890", "total": 7500, "coustomer_mail": "desaikishan02@gmail.com"}}, {"model": "home.invoice", "pk": 23042235, "fields": {"company_to": 61, "company_from": null, "created_on": "2023-04-27T08:06:11.205Z", "payment_method": "cash", "customer_name": "Kishan Desai", "Phone_number": "+911234567890", "total": 12000, "coustomer_mail": "desaikishan02@gmail.com"}}, {"model": "home.invoice", "pk": 23042236, "fields": {"company_to": 63, "company_from": 62, "created_on": "2023-04-28T08:15:02.272Z", "payment_method": "cash", "customer_name": "", "Phone_number": "", "total": 15000, "coustomer_mail": ""}}, {"model": "home.invoice", "pk": 23042237, "fields": {"company_to": 63, "company_from": 65, "created_on": "2023-04-28T08:15:11.695Z", "payment_method": "cash", "customer_name": "", "Phone_number": "", "total": 22500, "coustomer_mail": ""}}, {"model": "home.invoice", "pk": 23042238, "fields": {"company_to": 63, "company_from": 65, "created_on": "2023-04-28T08:15:30.361Z", "payment_method": "cash", "customer_name": "", "Phone_number": "", "total": 19500, "coustomer_mail": ""}}, {"model": "home.invoice", "pk": 23042239, "fields": {"company_to": 63, "company_from": 65, "created_on": "2023-04-29T08:15:45.359Z", "payment_method": "cash", "customer_name": "", "Phone_number": "", "total": 25500, "coustomer_mail": ""}}, {"model": "home.invoice", "pk": 23042240, "fields": {"company_to": 63, "company_from": 65, "created_on": "2023-04-29T08:15:59.077Z", "payment_method": "cash", "customer_name": "", "Phone_number": "", "total": 30000, "coustomer_mail": ""}}, {"model": "home.invoice", "pk": 23042241, "fields": {"company_to": 63, "company_from": 65, "created_on": "2023-04-29T08:16:26.689Z", "payment_method": "cash", "customer_name": "", "Phone_number": "", "total": 15000, "coustomer_mail": ""}}, {"model": "home.invoice", "pk": 23042242, "fields": {"company_to": 65, "company_from": 61, "created_on": "2023-04-29T08:16:35.859Z", "payment_method": "cash", "customer_name": "", "Phone_number": "", "total": 15000, "coustomer_mail": ""}}, {"model": "home.invoice", "pk": 23042243, "fields": {"company_to": 65, "company_from": 61, "created_on": "2023-04-29T08:16:45.929Z", "payment_method": "cash", "customer_name": "", "Phone_number": "", "total": 18000, "coustomer_mail": ""}}, {"model": "home.invoice", "pk": 23042244, "fields": {"company_to": 65, "company_from": 62, "created_on": "2023-04-23T08:17:01.256Z", "payment_method": "cash", "customer_name": "", "Phone_number": "", "total": 21000, "coustomer_mail": ""}}, {"model": "home.invoice", "pk": 23042245, "fields": {"company_to": 65, "company_from": 61, "created_on": "2023-04-23T08:17:15.573Z", "payment_method": "cash", "customer_name": "", "Phone_number": "", "total": 24000, "coustomer_mail": ""}}, {"model": "home.invoice", "pk": 23042246, "fields": {"company_to": 65, "company_from": 61, "created_on": "2023-04-28T08:17:27.002Z", "payment_method": "cash", "customer_name": "", "Phone_number": "", "total": 24000, "coustomer_mail": ""}}, {"model": "home.invoice", "pk": 23042247, "fields": {"company_to": 65, "company_from": 61, "created_on": "2023-04-24T08:17:44.099Z", "payment_method": "cash", "customer_name": "", "Phone_number": "", "total": 27000, "coustomer_mail": ""}}, {"model": "home.invoice", "pk": 23042248, "fields": {"company_to": 65, "company_from": 61, "created_on": "2023-04-24T08:17:59.599Z", "payment_method": "cash", "customer_name": "", "Phone_number": "", "total": 10000, "coustomer_mail": ""}}, {"model": "home.invoice", "pk": 23042249, "fields": {"company_to": 63, "company_from": 65, "created_on": "2023-04-25T08:18:11.986Z", "payment_method": "cash", "customer_name": "", "Phone_number": "", "total": 15000, "coustomer_mail": ""}}, {"model": "home.invoice", "pk": 23042250, "fields": {"company_to": 63, "company_from": 65, "created_on": "2023-04-26T08:18:22.525Z", "payment_method": "cash", "customer_name": "", "Phone_number": "", "total": 10000, "coustomer_mail": ""}}, {"model": "home.invoice", "pk": 23042251, "fields": {"company_to": 63, "company_from": 61, "created_on": "2023-04-26T08:18:33.609Z", "payment_method": "cash", "customer_name": "", "Phone_number": "", "total": 30000, "coustomer_mail": ""}}, {"model": "home.invoice", "pk": 23042252, "fields": {"company_to": 63, "company_from": null, "created_on": "2023-04-26T08:19:00.732Z", "payment_method": "cash", "customer_name": "coustomer", "Phone_number": "+911234567890", "total": 15000, "coustomer_mail": "asd@gmail.com"}}, {"model": "home.invoice", "pk": 23042253, "fields": {"company_to": 63, "company_from": null, "created_on": "2023-04-23T08:19:24.676Z", "payment_method": "online", "customer_name": "coustomer", "Phone_number": "+911234567890", "total": 30000, "coustomer_mail": "asd@gmail.com"}}, {"model": "home.invoice", "pk": 23042254, "fields": {"company_to": 63, "company_from": null, "created_on": "2023-04-24T08:19:39.908Z", "payment_method": "cash", "customer_name": "coustomer", "Phone_number": "+911234567890", "total": 33000, "coustomer_mail": "asd@gmail.com"}}, {"model": "home.invoice", "pk": 23042255, "fields": {"company_to": 63, "company_from": 62, "created_on": "2023-04-24T08:20:08.803Z", "payment_method": "cash", "customer_name": "", "Phone_number": "", "total": 3000, "coustomer_mail": ""}}, {"model": "home.invoice", "pk": 23042256, "fields": {"company_to": 65, "company_from": 62, "created_on": "2023-04-24T09:41:22.756Z", "payment_method": "cash", "customer_name": "", "Phone_number": "", "total": 15000, "coustomer_mail": ""}}, {"model": "home.invoice", "pk": 23042257, "fields": {"company_to": 65, "company_from": 62, "created_on": "2023-04-25T09:41:37.424Z", "payment_method": "cash", "customer_name": "", "Phone_number": "", "total": 18000, "coustomer_mail": ""}}, {"model": "home.invoice", "pk": 23042258, "fields": {"company_to": 65, "company_from": 62, "created_on": "2023-04-25T09:41:48.034Z", "payment_method": "cash", "customer_name": "", "Phone_number": "", "total": 21000, "coustomer_mail": ""}}, {"model": "home.invoice", "pk": 23042259, "fields": {"company_to": 65, "company_from": 62, "created_on": "2023-04-25T09:41:59.337Z", "payment_method": "cash", "customer_name": "", "Phone_number": "", "total": 24000, "coustomer_mail": ""}}, {"model": "home.invoice", "pk": 23042260, "fields": {"company_to": 65, "company_from": 62, "created_on": "2023-04-26T09:42:17.301Z", "payment_method": "cash", "customer_name": "", "Phone_number": "", "total": 9000, "coustomer_mail": ""}}, {"model": "home.invoice", "pk": 23042261, "fields": {"company_to": 65, "company_from": 62, "created_on": "2023-04-26T09:42:28.781Z", "payment_method": "cash", "customer_name": "", "Phone_number": "", "total": 30000, "coustomer_mail": ""}}, {"model": "home.invoice", "pk": 23042262, "fields": {"company_to": 65, "company_from": null, "created_on": "2023-04-26T09:42:54.027Z", "payment_method": "cash", "customer_name": "coustomer", "Phone_number": "+911234567890", "total": 15000, "coustomer_mail": "asd@gmail.com"}}, {"model": "home.invoice", "pk": 23042263, "fields": {"company_to": 65, "company_from": 61, "created_on": "2023-04-27T09:43:06.049Z", "payment_method": "cash", "customer_name": "", "Phone_number": "", "total": 15000, "coustomer_mail": ""}}, {"model": "home.invoice", "pk": 23042264, "fields": {"company_to": 65, "company_from": 63, "created_on": "2023-04-27T09:43:19.684Z", "payment_method": "cash", "customer_name": "", "Phone_number": "", "total": 30000, "coustomer_mail": ""}}, {"model": "home.invoice", "pk": 23042265, "fields": {"company_to": 63, "company_from": 62, "created_on": "2023-04-25T09:43:56.539Z", "payment_method": "cash", "customer_name": "", "Phone_number": "", "total": 7500, "coustomer_mail": ""}}, {"model": "home.invoice", "pk": 23042266, "fields": {"company_to": 63, "company_from": null, "created_on": "2023-04-28T09:44:12.369Z", "payment_method": "cash", "customer_name": "coustomer", "Phone_number": "+911234567890", "total": 30000, "coustomer_mail": "asd@gmail.com"}}, {"model": "home.invoice", "pk": 23042267, "fields": {"company_to": 63, "company_from": null, "created_on": "2023-04-27T09:44:40.586Z", "payment_method": "cash", "customer_name": "coustomer", "Phone_number": "+911234567890", "total": 15000, "coustomer_mail": "asd@gmail.com"}}, {"model": "home.invoice", "pk": 23042268, "fields": {"company_to": 63, "company_from": 62, "created_on": "2023-04-28T09:44:50.999Z", "payment_method": "cash", "customer_name": "", "Phone_number": "", "total": 30000, "coustomer_mail": ""}}, {"model": "home.invoice", "pk": 23042269, "fields": {"company_to": 63, "company_from": 61, "created_on": "2023-04-27T09:45:01.127Z", "payment_method": "cash", "customer_name": "", "Phone_number": "", "total": 15000, "coustomer_mail": ""}}, {"model": "home.invoice", "pk": 23042270, "fields": {"company_to": 63, "company_from": 65, "created_on": "2023-04-27T09:45:12.147Z", "payment_method": "cash", "customer_name": "", "Phone_number": "", "total": 30000, "coustomer_mail": ""}}, {"model": "home.invoice", "pk": 23042401, "fields": {"company_to": 63, "company_from": 62, "created_on": "2023-04-25T02:59:29.450Z", "payment_method": "online", "customer_name": "", "Phone_number": "", "total": 60000, "coustomer_mail": ""}}, {"model": "home.invoice", "pk": 23042402, "fields": {"company_to": 62, "company_from": 63, "created_on": "2023-04-28T03:17:50.215Z", "payment_method": "cash", "customer_name": "", "Phone_number": "", "total": 10000, "coustomer_mail": ""}}, {"model": "home.invoice", "pk": 23042403, "fields": {"company_to": 63, "company_from": null, "created_on": "2023-04-25T03:35:54.982Z", "payment_method": "cash", "customer_name": "coustomer", "Phone_number": "+911234567890", "total": 5000, "coustomer_mail": "asd@gmail.com"}}, {"model": "home.invoice", "pk": 23042404, "fields": {"company_to": 65, "company_from": 63, "created_on": "2023-04-27T04:06:48.838Z", "payment_method": "cash", "customer_name": "", "Phone_number": "", "total": 5000, "coustomer_mail": ""}}, {"model": "home.invoice", "pk": 23042405, "fields": {"company_to": 65, "company_from": 63, "created_on": "2023-04-28T04:07:02.558Z", "payment_method": "cash", "customer_name": "", "Phone_number": "", "total": 7500, "coustomer_mail": ""}}, {"model": "home.invoice", "pk": 23042406, "fields": {"company_to": 65, "company_from": 63, "created_on": "2023-04-28T04:07:18.384Z", "payment_method": "cash", "customer_name": "", "Phone_number": "", "total": 7500, "coustomer_mail": ""}}, {"model": "home.invoice", "pk": 23042407, "fields": {"company_to": 65, "company_from": 62, "created_on": "2023-04-28T04:38:23.762Z", "payment_method": "cash", "customer_name": "", "Phone_number": "", "total": 7500, "coustomer_mail": ""}}, {"model": "home.invoice", "pk": 23042408, "fields": {"company_to": 66, "company_from": 61, "created_on": "2023-04-24T09:37:53.135Z", "payment_method": "cash", "customer_name": "", "Phone_number": "", "total": 5000, "coustomer_mail": ""}}, {"model": "home.invoice", "pk": 23042801, "fields": {"company_to": 61, "company_from": 62, "created_on": "2023-04-28T10:18:17.724Z", "payment_method": "cash", "customer_name": "", "Phone_number": "", "total": 15000, "coustomer_mail": ""}}, {"model": "home.invoice", "pk": 23042802, "fields": {"company_to": 62, "company_from": null, "created_on": "2023-04-28T11:46:23.343Z", "payment_method": "cash", "customer_name": "Kishan Desai", "Phone_number": "+911234567890", "total": 1500, "coustomer_mail": "desaikishan02@gmail.com"}}, {"model": "home.invoice", "pk": 23042901, "fields": {"company_to": 62, "company_from": 63, "created_on": "2023-04-29T04:21:47.934Z", "payment_method": "cash", "customer_name": "", "Phone_number": "", "total": 500, "coustomer_mail": ""}}, {"model": "home.invoice", "pk": 23042902, "fields": {"company_to": 62, "company_from": 65, "created_on": "2023-04-29T04:29:06.131Z", "payment_method": "cash", "customer_name": "", "Phone_number": "", "total": 60000, "coustomer_mail": ""}}, {"model": "home.invoice", "pk": 23042903, "fields": {"company_to": 63, "company_from": 62, "created_on": "2023-04-29T04:44:47.098Z", "payment_method": "cash", "customer_name": "", "Phone_number": "", "total": 150000, "coustomer_mail": ""}}, {"model": "home.invoice", "pk": 23042904, "fields": {"company_to": 62, "company_from": 63, "created_on": "2023-04-29T04:49:27.965Z", "payment_method": "cash", "customer_name": "", "Phone_number": "", "total": 15000, "coustomer_mail": ""}}, {"model": "home.items", "pk": 102, "fields": {"created_by_user": 1, "created_by_company": 65, "item_description": "test", "MRP_price_per_unit": 1000, "GST_percentage": 18, "purchase_price": 200, "profit_amount": 620, "created_on": "2023-04-22T07:31:05.079Z", "item_image": "items/Screenshot_from_2021-10-12_18-15-34_ySe7pu3.png"}}, {"model": "home.items", "pk": 103, "fields": {"created_by_user": 1, "created_by_company": 65, "item_description": "test1", "MRP_price_per_unit": 500, "GST_percentage": 18, "purchase_price": 100, "profit_amount": 310, "created_on": "2023-04-22T07:31:09.997Z", "item_image": "items/Screenshot_from_2021-10-12_18-15-34_a7IdLUb.png"}}, {"model": "home.items", "pk": 104, "fields": {"created_by_user": 1, "created_by_company": 65, "item_description": "test2", "MRP_price_per_unit": 1500, "GST_percentage": 18, "purchase_price": 300, "profit_amount": 930, "created_on": "2023-04-22T07:31:40.350Z", "item_image": "items/Screenshot_from_2021-10-12_18-15-34_mjIBabK.png"}}, {"model": "home.items", "pk": 105, "fields": {"created_by_user": 19, "created_by_company": 61, "item_description": "test", "MRP_price_per_unit": 500, "GST_percentage": 18, "purchase_price": 100, "profit_amount": 310, "created_on": "2023-04-22T07:32:01.996Z", "item_image": "items/Screenshot_from_2021-10-12_18-15-34_cXRecd3.png"}}, {"model": "home.items", "pk": 106, "fields": {"created_by_user": 19, "created_by_company": 61, "item_description": "test1", "MRP_price_per_unit": 1000, "GST_percentage": 18, "purchase_price": 200, "profit_amount": 620, "created_on": "2023-04-22T07:32:14.374Z", "item_image": "items/Screenshot_from_2021-10-12_18-15-34_8NQwlxg.png"}}, {"model": "home.items", "pk": 107, "fields": {"created_by_user": 19, "created_by_company": 61, "item_description": "test2", "MRP_price_per_unit": 1500, "GST_percentage": 18, "purchase_price": 300, "profit_amount": 930, "created_on": "2023-04-22T07:32:27.049Z", "item_image": "items/Screenshot_from_2021-10-12_18-15-34_kh5Wh55.png"}}, {"model": "home.items", "pk": 108, "fields": {"created_by_user": 1, "created_by_company": 63, "item_description": "test", "MRP_price_per_unit": 500, "GST_percentage": 18, "purchase_price": 100, "profit_amount": 310, "created_on": "2023-04-22T07:36:25.311Z", "item_image": "items/Screenshot_from_2021-10-12_18-15-34_g8Erwn8.png"}}, {"model": "home.items", "pk": 109, "fields": {"created_by_user": 1, "created_by_company": 63, "item_description": "test1", "MRP_price_per_unit": 1000, "GST_percentage": 18, "purchase_price": 200, "profit_amount": 620, "created_on": "2023-04-22T07:36:38.376Z", "item_image": "items/Screenshot_from_2021-10-12_18-15-34_Rt6RcD3.png"}}, {"model": "home.items", "pk": 110, "fields": {"created_by_user": 1, "created_by_company": 63, "item_description": "test2", "MRP_price_per_unit": 1500, "GST_percentage": 18, "purchase_price": 300, "profit_amount": 930, "created_on": "2023-04-22T07:36:52.000Z", "item_image": "items/Screenshot_from_2021-10-12_18-15-34_VuvQIZn.png"}}, {"model": "home.items", "pk": 111, "fields": {"created_by_user": 19, "created_by_company": 62, "item_description": "test", "MRP_price_per_unit": 500, "GST_percentage": 18, "purchase_price": 100, "profit_amount": 310, "created_on": "2023-04-22T07:37:48.132Z", "item_image": "items/Screenshot_from_2021-10-12_18-15-34_O4TN2aB.png"}}, {"model": "home.items", "pk": 112, "fields": {"created_by_user": 19, "created_by_company": 62, "item_description": "test1", "MRP_price_per_unit": 1000, "GST_percentage": 18, "purchase_price": 200, "profit_amount": 620, "created_on": "2023-04-22T07:38:02.162Z", "item_image": "items/Screenshot_from_2021-10-12_18-15-34_FdKa9VX.png"}}, {"model": "home.items", "pk": 113, "fields": {"created_by_user": 19, "created_by_company": 62, "item_description": "test2", "MRP_price_per_unit": 1500, "GST_percentage": 18, "purchase_price": 300, "profit_amount": 930, "created_on": "2023-04-22T07:38:15.767Z", "item_image": "items/Screenshot_from_2021-10-12_18-15-34_3hPBNWi.png"}}, {"model": "home.items", "pk": 115, "fields": {"created_by_user": 21, "created_by_company": 66, "item_description": "test", "MRP_price_per_unit": 500, "GST_percentage": 18, "purchase_price": 100, "profit_amount": 310, "created_on": "2023-04-24T09:37:22.768Z", "item_image": "items/Screenshot_from_2021-10-12_18-15-34_hhvJAWT.png"}}, {"model": "home.items", "pk": 116, "fields": {"created_by_user": 1, "created_by_company": 63, "item_description": "test3", "MRP_price_per_unit": 500, "GST_percentage": 18, "purchase_price": 100, "profit_amount": 310, "created_on": "2023-04-28T05:02:20.599Z", "item_image": "items/Screenshot_from_2021-10-12_18-15-34_hFFcYX2.png"}}, {"model": "home.items", "pk": 117, "fields": {"created_by_user": 1, "created_by_company": 63, "item_description": "test3", "MRP_price_per_unit": 500, "GST_percentage": 18, "purchase_price": 100, "profit_amount": 310, "created_on": "2023-04-28T05:02:57.726Z", "item_image": "items/Screenshot_from_2021-10-12_18-15-34_2gFbSfi.png"}}, {"model": "home.items", "pk": 118, "fields": {"created_by_user": 1, "created_by_company": 63, "item_description": "test", "MRP_price_per_unit": 500, "GST_percentage": 18, "purchase_price": 100, "profit_amount": 310, "created_on": "2023-04-29T04:40:03.357Z", "item_image": "items/Screenshot_from_2021-10-12_18-15-34_v5rl9xW.png"}}, {"model": "home.items", "pk": 119, "fields": {"created_by_user": 1, "created_by_company": 63, "item_description": "test", "MRP_price_per_unit": 500, "GST_percentage": 18, "purchase_price": 100, "profit_amount": 310, "created_on": "2023-04-29T04:41:01.373Z", "item_image": "items/Screenshot_from_2021-10-12_18-15-35_ovG3FPW.png"}}, {"model": "home.itemotherfield", "pk": 44, "fields": {"parent_item": 119, "field_type": "text", "field_name": "name", "field_value": "name"}}, {"model": "home.itemotherfield", "pk": 45, "fields": {"parent_item": 119, "field_type": "number", "field_name": "price", "field_value": "10"}}, {"model": "home.invoiceitems", "pk": 268, "fields": {"quantity": 10, "invoice_id": 23042201, "ordered_item": 111, "created_on": "2023-04-22T07:43:23.564Z"}}, {"model": "home.invoiceitems", "pk": 269, "fields": {"quantity": 10, "invoice_id": 23042202, "ordered_item": 112, "created_on": "2023-04-22T07:43:46.628Z"}}, {"model": "home.invoiceitems", "pk": 270, "fields": {"quantity": 10, "invoice_id": 23042203, "ordered_item": 113, "created_on": "2023-04-22T07:44:03.833Z"}}, {"model": "home.invoiceitems", "pk": 271, "fields": {"quantity": 15, "invoice_id": 23042204, "ordered_item": 111, "created_on": "2023-04-22T07:44:28.688Z"}}, {"model": "home.invoiceitems", "pk": 272, "fields": {"quantity": 15, "invoice_id": 23042205, "ordered_item": 112, "created_on": "2023-04-22T07:44:41.376Z"}}, {"model": "home.invoiceitems", "pk": 273, "fields": {"quantity": 15, "invoice_id": 23042206, "ordered_item": 113, "created_on": "2023-04-22T07:44:52.282Z"}}, {"model": "home.invoiceitems", "pk": 274, "fields": {"quantity": 10, "invoice_id": 23042207, "ordered_item": 111, "created_on": "2023-04-22T07:51:49.089Z"}}, {"model": "home.invoiceitems", "pk": 275, "fields": {"quantity": 10, "invoice_id": 23042207, "ordered_item": 111, "created_on": "2023-04-22T07:51:49.098Z"}}, {"model": "home.invoiceitems", "pk": 276, "fields": {"quantity": 10, "invoice_id": 23042208, "ordered_item": 113, "created_on": "2023-04-22T07:52:24.848Z"}}, {"model": "home.invoiceitems", "pk": 277, "fields": {"quantity": 10, "invoice_id": 23042209, "ordered_item": 112, "created_on": "2023-04-22T07:52:43.480Z"}}, {"model": "home.invoiceitems", "pk": 278, "fields": {"quantity": 10, "invoice_id": 23042210, "ordered_item": 111, "created_on": "2023-04-22T07:52:58.639Z"}}, {"model": "home.invoiceitems", "pk": 279, "fields": {"quantity": 15, "invoice_id": 23042211, "ordered_item": 113, "created_on": "2023-04-22T07:53:12.323Z"}}, {"model": "home.invoiceitems", "pk": 280, "fields": {"quantity": 15, "invoice_id": 23042212, "ordered_item": 112, "created_on": "2023-04-22T07:53:29.465Z"}}, {"model": "home.invoiceitems", "pk": 281, "fields": {"quantity": 15, "invoice_id": 23042213, "ordered_item": 113, "created_on": "2023-04-22T07:53:42.202Z"}}, {"model": "home.invoiceitems", "pk": 282, "fields": {"quantity": 20, "invoice_id": 23042214, "ordered_item": 113, "created_on": "2023-04-22T07:53:57.507Z"}}, {"model": "home.invoiceitems", "pk": 283, "fields": {"quantity": 20, "invoice_id": 23042215, "ordered_item": 112, "created_on": "2023-04-22T07:54:16.996Z"}}, {"model": "home.invoiceitems", "pk": 284, "fields": {"quantity": 20, "invoice_id": 23042216, "ordered_item": 111, "created_on": "2023-04-22T07:54:36.048Z"}}, {"model": "home.invoiceitems", "pk": 285, "fields": {"quantity": 10, "invoice_id": 23042217, "ordered_item": 107, "created_on": "2023-04-22T08:00:15.828Z"}}, {"model": "home.invoiceitems", "pk": 286, "fields": {"quantity": 10, "invoice_id": 23042218, "ordered_item": 106, "created_on": "2023-04-22T08:00:52.010Z"}}, {"model": "home.invoiceitems", "pk": 287, "fields": {"quantity": 15, "invoice_id": 23042219, "ordered_item": 105, "created_on": "2023-04-22T08:01:07.685Z"}}, {"model": "home.invoiceitems", "pk": 288, "fields": {"quantity": 14, "invoice_id": 23042220, "ordered_item": 107, "created_on": "2023-04-22T08:01:23.173Z"}}, {"model": "home.invoiceitems", "pk": 289, "fields": {"quantity": 18, "invoice_id": 23042221, "ordered_item": 107, "created_on": "2023-04-22T08:01:43.712Z"}}, {"model": "home.invoiceitems", "pk": 290, "fields": {"quantity": 10, "invoice_id": 23042222, "ordered_item": 107, "created_on": "2023-04-22T08:02:06.147Z"}}, {"model": "home.invoiceitems", "pk": 291, "fields": {"quantity": 15, "invoice_id": 23042223, "ordered_item": 107, "created_on": "2023-04-22T08:02:19.450Z"}}, {"model": "home.invoiceitems", "pk": 292, "fields": {"quantity": 20, "invoice_id": 23042224, "ordered_item": 107, "created_on": "2023-04-22T08:02:43.588Z"}}, {"model": "home.invoiceitems", "pk": 293, "fields": {"quantity": 15, "invoice_id": 23042225, "ordered_item": 106, "created_on": "2023-04-22T08:02:56.896Z"}}, {"model": "home.invoiceitems", "pk": 294, "fields": {"quantity": 10, "invoice_id": 23042226, "ordered_item": 105, "created_on": "2023-04-22T08:03:09.250Z"}}, {"model": "home.invoiceitems", "pk": 295, "fields": {"quantity": 16, "invoice_id": 23042227, "ordered_item": 107, "created_on": "2023-04-22T08:03:24.818Z"}}, {"model": "home.invoiceitems", "pk": 296, "fields": {"quantity": 10, "invoice_id": 23042228, "ordered_item": 105, "created_on": "2023-04-22T08:04:04.056Z"}}, {"model": "home.invoiceitems", "pk": 297, "fields": {"quantity": 20, "invoice_id": 23042229, "ordered_item": 107, "created_on": "2023-04-22T08:04:21.372Z"}}, {"model": "home.invoiceitems", "pk": 298, "fields": {"quantity": 20, "invoice_id": 23042230, "ordered_item": 112, "created_on": "2023-04-22T08:04:48.280Z"}}, {"model": "home.invoiceitems", "pk": 299, "fields": {"quantity": 10, "invoice_id": 23042231, "ordered_item": 113, "created_on": "2023-04-22T08:05:00.751Z"}}, {"model": "home.invoiceitems", "pk": 300, "fields": {"quantity": 10, "invoice_id": 23042232, "ordered_item": 113, "created_on": "2023-04-22T08:05:19.151Z"}}, {"model": "home.invoiceitems", "pk": 301, "fields": {"quantity": 10, "invoice_id": 23042232, "ordered_item": 112, "created_on": "2023-04-22T08:05:19.160Z"}}, {"model": "home.invoiceitems", "pk": 302, "fields": {"quantity": 2, "invoice_id": 23042233, "ordered_item": 113, "created_on": "2023-04-22T08:05:35.817Z"}}, {"model": "home.invoiceitems", "pk": 303, "fields": {"quantity": 5, "invoice_id": 23042234, "ordered_item": 113, "created_on": "2023-04-22T08:05:51.286Z"}}, {"model": "home.invoiceitems", "pk": 304, "fields": {"quantity": 8, "invoice_id": 23042235, "ordered_item": 113, "created_on": "2023-04-22T08:06:11.245Z"}}, {"model": "home.invoiceitems", "pk": 305, "fields": {"quantity": 10, "invoice_id": 23042236, "ordered_item": 110, "created_on": "2023-04-22T08:15:02.318Z"}}, {"model": "home.invoiceitems", "pk": 306, "fields": {"quantity": 15, "invoice_id": 23042237, "ordered_item": 110, "created_on": "2023-04-22T08:15:11.752Z"}}, {"model": "home.invoiceitems", "pk": 307, "fields": {"quantity": 13, "invoice_id": 23042238, "ordered_item": 110, "created_on": "2023-04-22T08:15:30.410Z"}}, {"model": "home.invoiceitems", "pk": 308, "fields": {"quantity": 17, "invoice_id": 23042239, "ordered_item": 110, "created_on": "2023-04-22T08:15:45.410Z"}}, {"model": "home.invoiceitems", "pk": 309, "fields": {"quantity": 20, "invoice_id": 23042240, "ordered_item": 110, "created_on": "2023-04-22T08:15:59.254Z"}}, {"model": "home.invoiceitems", "pk": 310, "fields": {"quantity": 10, "invoice_id": 23042241, "ordered_item": 109, "created_on": "2023-04-22T08:16:26.739Z"}}, {"model": "home.invoiceitems", "pk": 311, "fields": {"quantity": 10, "invoice_id": 23042241, "ordered_item": 108, "created_on": "2023-04-22T08:16:26.748Z"}}, {"model": "home.invoiceitems", "pk": 312, "fields": {"quantity": 10, "invoice_id": 23042242, "ordered_item": 110, "created_on": "2023-04-22T08:16:35.968Z"}}, {"model": "home.invoiceitems", "pk": 313, "fields": {"quantity": 12, "invoice_id": 23042243, "ordered_item": 110, "created_on": "2023-04-22T08:16:46.040Z"}}, {"model": "home.invoiceitems", "pk": 314, "fields": {"quantity": 14, "invoice_id": 23042244, "ordered_item": 110, "created_on": "2023-04-22T08:17:01.306Z"}}, {"model": "home.invoiceitems", "pk": 315, "fields": {"quantity": 16, "invoice_id": 23042245, "ordered_item": 110, "created_on": "2023-04-22T08:17:15.683Z"}}, {"model": "home.invoiceitems", "pk": 316, "fields": {"quantity": 16, "invoice_id": 23042246, "ordered_item": 110, "created_on": "2023-04-22T08:17:27.059Z"}}, {"model": "home.invoiceitems", "pk": 317, "fields": {"quantity": 18, "invoice_id": 23042247, "ordered_item": 110, "created_on": "2023-04-22T08:17:44.144Z"}}, {"model": "home.invoiceitems", "pk": 318, "fields": {"quantity": 20, "invoice_id": 23042248, "ordered_item": 108, "created_on": "2023-04-22T08:17:59.647Z"}}, {"model": "home.invoiceitems", "pk": 319, "fields": {"quantity": 10, "invoice_id": 23042249, "ordered_item": 110, "created_on": "2023-04-22T08:18:12.035Z"}}, {"model": "home.invoiceitems", "pk": 320, "fields": {"quantity": 10, "invoice_id": 23042250, "ordered_item": 109, "created_on": "2023-04-22T08:18:22.581Z"}}, {"model": "home.invoiceitems", "pk": 321, "fields": {"quantity": 20, "invoice_id": 23042251, "ordered_item": 110, "created_on": "2023-04-22T08:18:33.656Z"}}, {"model": "home.invoiceitems", "pk": 322, "fields": {"quantity": 10, "invoice_id": 23042252, "ordered_item": 110, "created_on": "2023-04-22T08:19:00.784Z"}}, {"model": "home.invoiceitems", "pk": 323, "fields": {"quantity": 20, "invoice_id": 23042253, "ordered_item": 110, "created_on": "2023-04-22T08:19:24.727Z"}}, {"model": "home.invoiceitems", "pk": 324, "fields": {"quantity": 22, "invoice_id": 23042254, "ordered_item": 110, "created_on": "2023-04-22T08:19:39.958Z"}}, {"model": "home.invoiceitems", "pk": 325, "fields": {"quantity": 2, "invoice_id": 23042255, "ordered_item": 110, "created_on": "2023-04-22T08:20:08.853Z"}}, {"model": "home.invoiceitems", "pk": 326, "fields": {"quantity": 10, "invoice_id": 23042256, "ordered_item": 104, "created_on": "2023-04-22T09:41:22.822Z"}}, {"model": "home.invoiceitems", "pk": 327, "fields": {"quantity": 12, "invoice_id": 23042257, "ordered_item": 104, "created_on": "2023-04-22T09:41:37.554Z"}}, {"model": "home.invoiceitems", "pk": 328, "fields": {"quantity": 14, "invoice_id": 23042258, "ordered_item": 104, "created_on": "2023-04-22T09:41:48.133Z"}}, {"model": "home.invoiceitems", "pk": 329, "fields": {"quantity": 16, "invoice_id": 23042259, "ordered_item": 104, "created_on": "2023-04-22T09:41:59.478Z"}}, {"model": "home.invoiceitems", "pk": 330, "fields": {"quantity": 18, "invoice_id": 23042260, "ordered_item": 103, "created_on": "2023-04-22T09:42:17.400Z"}}, {"model": "home.invoiceitems", "pk": 331, "fields": {"quantity": 20, "invoice_id": 23042261, "ordered_item": 104, "created_on": "2023-04-22T09:42:29.078Z"}}, {"model": "home.invoiceitems", "pk": 332, "fields": {"quantity": 10, "invoice_id": 23042262, "ordered_item": 104, "created_on": "2023-04-22T09:42:54.112Z"}}, {"model": "home.invoiceitems", "pk": 333, "fields": {"quantity": 10, "invoice_id": 23042263, "ordered_item": 104, "created_on": "2023-04-22T09:43:06.114Z"}}, {"model": "home.invoiceitems", "pk": 334, "fields": {"quantity": 30, "invoice_id": 23042264, "ordered_item": 102, "created_on": "2023-04-22T09:43:19.746Z"}}, {"model": "home.invoiceitems", "pk": 335, "fields": {"quantity": 15, "invoice_id": 23042265, "ordered_item": 108, "created_on": "2023-04-22T09:43:56.595Z"}}, {"model": "home.invoiceitems", "pk": 336, "fields": {"quantity": 20, "invoice_id": 23042266, "ordered_item": 110, "created_on": "2023-04-22T09:44:12.429Z"}}, {"model": "home.invoiceitems", "pk": 337, "fields": {"quantity": 10, "invoice_id": 23042267, "ordered_item": 110, "created_on": "2023-04-22T09:44:40.643Z"}}, {"model": "home.invoiceitems", "pk": 338, "fields": {"quantity": 20, "invoice_id": 23042268, "ordered_item": 110, "created_on": "2023-04-22T09:44:51.050Z"}}, {"model": "home.invoiceitems", "pk": 339, "fields": {"quantity": 10, "invoice_id": 23042269, "ordered_item": 110, "created_on": "2023-04-22T09:45:01.189Z"}}, {"model": "home.invoiceitems", "pk": 340, "fields": {"quantity": 20, "invoice_id": 23042270, "ordered_item": 110, "created_on": "2023-04-22T09:45:12.202Z"}}, {"model": "home.invoiceitems", "pk": 341, "fields": {"quantity": 30, "invoice_id": 23042401, "ordered_item": 110, "created_on": "2023-04-24T02:59:29.498Z"}}, {"model": "home.invoiceitems", "pk": 342, "fields": {"quantity": 10, "invoice_id": 23042401, "ordered_item": 110, "created_on": "2023-04-24T02:59:29.510Z"}}, {"model": "home.invoiceitems", "pk": 343, "fields": {"quantity": 10, "invoice_id": 23042402, "ordered_item": 112, "created_on": "2023-04-24T03:17:50.259Z"}}, {"model": "home.invoiceitems", "pk": 345, "fields": {"quantity": 5, "invoice_id": 23042404, "ordered_item": 102, "created_on": "2023-04-24T04:06:48.899Z"}}, {"model": "home.invoiceitems", "pk": 346, "fields": {"quantity": 5, "invoice_id": 23042405, "ordered_item": 104, "created_on": "2023-04-24T04:07:02.621Z"}}, {"model": "home.invoiceitems", "pk": 347, "fields": {"quantity": 5, "invoice_id": 23042406, "ordered_item": 104, "created_on": "2023-04-24T04:07:18.462Z"}}, {"model": "home.invoiceitems", "pk": 348, "fields": {"quantity": 5, "invoice_id": 23042407, "ordered_item": 104, "created_on": "2023-04-24T04:38:23.811Z"}}, {"model": "home.invoiceitems", "pk": 349, "fields": {"quantity": 10, "invoice_id": 23042408, "ordered_item": 115, "created_on": "2023-04-24T09:37:53.184Z"}}, {"model": "home.invoiceitems", "pk": 350, "fields": {"quantity": 10, "invoice_id": 23042801, "ordered_item": 107, "created_on": "2023-04-28T10:18:17.773Z"}}, {"model": "home.invoiceitems", "pk": 351, "fields": {"quantity": 1, "invoice_id": 23042802, "ordered_item": 113, "created_on": "2023-04-28T11:46:23.384Z"}}, {"model": "home.invoiceitems", "pk": 352, "fields": {"quantity": 1, "invoice_id": 23042901, "ordered_item": 111, "created_on": "2023-04-29T04:21:47.975Z"}}, {"model": "home.invoiceitems", "pk": 353, "fields": {"quantity": 20, "invoice_id": 23042902, "ordered_item": 113, "created_on": "2023-04-29T04:29:06.176Z"}}, {"model": "home.invoiceitems", "pk": 354, "fields": {"quantity": 20, "invoice_id": 23042902, "ordered_item": 113, "created_on": "2023-04-29T04:29:06.188Z"}}, {"model": "home.invoiceitems", "pk": 355, "fields": {"quantity": 100, "invoice_id": 23042903, "ordered_item": 110, "created_on": "2023-04-29T04:44:47.157Z"}}, {"model": "home.invoiceitems", "pk": 356, "fields": {"quantity": 10, "invoice_id": 23042904, "ordered_item": 113, "created_on": "2023-04-29T04:49:28.020Z"}}, {"model": "home.inventoryitems", "pk": 18, "fields": {"quantity": 965, "user": 19, "company": 61, "item": 105, "created_on": "2023-04-22T07:32:40.053Z"}}, {"model": "home.inventoryitems", "pk": 19, "fields": {"quantity": 975, "user": 19, "company": 61, "item": 106, "created_on": "2023-04-22T07:32:49.785Z"}}, {"model": "home.inventoryitems", "pk": 20, "fields": {"quantity": 867, "user": 19, "company": 61, "item": 107, "created_on": "2023-04-22T07:32:54.704Z"}}, {"model": "home.inventoryitems", "pk": 21, "fields": {"quantity": 1000, "user": 1, "company": 63, "item": 108, "created_on": "2023-04-24T02:58:19.270Z"}}, {"model": "home.inventoryitems", "pk": 22, "fields": {"quantity": 49, "user": 19, "company": 62, "item": 113, "created_on": "2023-04-28T11:46:05.265Z"}}, {"model": "home.inventoryitems", "pk": 23, "fields": {"quantity": 900, "user": 1, "company": 63, "item": 110, "created_on": "2023-04-29T04:43:36.405Z"}}, {"model": "marketplace.proposal", "pk": 1, "fields": {"user": 19, "item_name": "item", "item_description": "Lorem Ipsum is simply dummy text of the printing and typesetting industry. Lorem Ipsum has been the industry's standard dummy text ever since the 1500s, when an unknown printer took a galley of type and scrambled it to make a type specimen book.", "quantity_need": 10, "contact_number": 1234567890, "item_image": "proposal/Screenshot_from_2021-10-12_18-15-35.png", "ask_price": 10, "created_on": "2023-04-24T08:19:25.771Z"}}, {"model": "marketplace.proposal", "pk": 2, "fields": {"user": 1, "item_name": "item1", "item_description": "Lorem Ipsum is simply dummy text of the printing and typesetting industry. Lorem Ipsum has been the industry's standard dummy text ever since the 1500s, when an unknown printer took a galley of type and scrambled it to make a type specimen book.", "quantity_need": 1, "contact_number": 1234567890, "item_image": "proposal/Screenshot_from_2021-10-12_18-15-35_A5j0cYm.png", "ask_price": 10, "created_on": "2023-04-28T08:19:25.771Z"}}, {"model": "marketplace.proposal", "pk": 3, "fields": {"user": 19, "item_name": "item2", "item_description": "em Ipsum has been the industry's standard dummy text ever since the 1500s, when an unknown printer took a galley of type and scrambled it to make a type specimen book.", "quantity_need": 10, "contact_number": 1234567890, "item_image": "proposal/Screenshot_from_2021-10-12_18-15-34.png", "ask_price": 10, "created_on": "2023-04-25T08:19:25.771Z"}}, {"model": "marketplace.proposal", "pk": 4, "fields": {"user": 19, "item_name": "item3", "item_description": "Lorem Ipsum is standard dummy text ever since the 1500s, when an unknown printer took a galley of type and scrambled it to make a type specimen book.", "quantity_need": 10, "contact_number": 1234567890, "item_image": "proposal/Screenshot_from_2021-10-12_18-15-34_GtKChhV.png", "ask_price": 10, "created_on": "2023-04-26T08:19:25.771Z"}}, {"model": "marketplace.proposal", "pk": 5, "fields": {"user": 19, "item_name": "item4", "item_description": "Lorem Ipsum is simply dummy text of the printing and typesetting industry. Lorem Ipsum has been the industry's standard dummy text ever since the 1500s, when an unknown printer took a galley of type and scrambled it to make a type specimen book.", "quantity_need": 10, "contact_number": 1234567890, "item_image": "proposal/Screenshot_from_2021-10-12_18-15-34_CqdwgEd.png", "ask_price": 10, "created_on": "2023-04-28T08:19:25.771Z"}}, {"model": "marketplace.proposal", "pk": 9, "fields": {"user": 1, "item_name": "ab", "item_description": "hnb", "quantity_need": 10, "contact_number": 10, "item_image": "proposal/Screenshot_from_2021-10-12_18-15-34_IHbEj8c.png", "ask_price": 10, "created_on": "2023-04-28T08:19:25.771Z"}}, {"model": "marketplace.proposal", "pk": 10, "fields": {"user": 1, "item_name": "ab", "item_description": "dsfs", "quantity_need": 10, "contact_number": 23, "item_image": "proposal/Screenshot_from_2022-01-24_14-52-02_AkGu1Z9.png", "ask_price": 10, "created_on": "2023-04-28T08:19:25.771Z"}}]